Country,max temp,min temp,avg temp,avg rainfall,Cost of Living pw,pop2020,pop2019,GrowthRate,area,Density,Crime Index,Safety Index,Health Care Index,Pollution Index,CPI score 2020,Score,Political Rights,Civil Liberties
Afghanistan,35.38888889,-3.555555556,14.05555556,353.06,336.49600418506765,38928.346,38041.754,1.0233,652230.0,58.3257,76.37,23.63,,92.2,19.0,27.0,13.0,14.0
Albania,29.88888889,4.166666667,14.16666667,1229.36,476.65768397331567,2877.797,2880.917,0.9989,28748.0,100.2128,41.64,58.36,50.66,78.59,36.0,66.0,27.0,39.0
Algeria,34.27777778,4.555555556,17.44444444,462.28,274.58911940140695,43851.044,43053.054,1.0185,2381741.0,18.0763,51.88,48.12,55.01,65.32,36.0,32.0,10.0,22.0
American Samoa,30.83333333,17.05555556,27.11111111,3507.74,,55.191,55.312,0.9978,199.0,277.9497,,,,,,,,
Andorra,20.38888889,-5.055555556,5.666666667,1143.0,839.36013582814,77.265,77.142,1.0016,468.0,164.8333,,,,,,93.0,38.0,55.0
Angola,28.72222222,11.16666667,21.27777778,993.14,3615.964339675875,32866.272,31825.295,1.0327,1246700.0,25.5276,66.63,33.37,,,27.0,31.0,10.0,21.0
Anguilla,31.11111111,23.33333333,27.66666667,1092.2,,15.003,14.869,1.009,91.0,163.3956,,,,,,,,
Antarctica,-3.388888889,-30.77777778,-13.88888889,416.56,,,,,,,,,,,,,,
Antigua And Barbuda,30.05555556,22.33333333,26.44444444,739.14,,97.929,97.118,1.0084,442.0,219.724,,,,,,85.0,33.0,52.0
Thailand,34.88888889,18.22222222,27.05555556,1615.44,622.4945378529995,69799.978,69625.582,1.0025,513120.0,135.6906,39.38,60.62,78.08,75.39,36.0,30.0,5.0,25.0
Armenia,26.61111111,-12.22222222,7.055555556,444.5,498.6923410932676,2963.243,2957.731,1.0019,29743.0,99.4429,23.35,76.65,,60.23,49.0,55.0,22.0,33.0
Aruba,31.16666667,23.94444444,28.0,480.06,1240.9312211835058,106.766,106.314,1.0043,180.0,590.6333,,,,,,,,
Ascension Island,29.44444444,22.22222222,25.55555556,,,,,,,,,,,,,,,
Vietnam,31.77777778,17.11111111,24.72222222,1943.1,,97338.579,96462.106,1.0091,331212.0,291.2398,46.09,53.91,58.28,85.92,36.0,19.0,3.0,16.0
Austria,22.66666667,-5.611111111,7.0,998.22,1123.655681950202,9006.398,8955.102,1.0057,83871.0,106.7723,25.23,74.77,78.4,19.2,76.0,93.0,37.0,56.0
Azerbaijan,30.66666667,-4.222222222,13.0,480.06,413.1767444071442,10139.177,10047.718,1.0091,86600.0,116.0245,31.66,68.34,44.02,75.44,30.0,10.0,2.0,8.0
Bahrain,37.5,14.16666667,25.83333333,73.66,1155.035553161308,1701.575,1641.172,1.0368,765.0,2145.3229,26.15,73.85,,71.57,42.0,12.0,2.0,10.0
Bangladesh,33.16666667,12.22222222,25.33333333,2339.34,293.593415342844,164689.383,163046.161,1.0101,147570.0,1104.8734,64.22,35.78,42.7,84.91,26.0,39.0,15.0,24.0
Barbados,30.55555556,21.66666667,26.5,1280.16,1271.4844676429,287.375,287.025,1.0012,430.0,667.5,,,,,64.0,95.0,38.0,57.0
Belarus,23.16666667,-7.722222222,5.944444444,645.16,439.3345283107952,9449.323,9452.411,0.9997,207600.0,45.5318,60.27,39.73,44.44,44.47,47.0,11.0,2.0,9.0
Belgium,21.44444444,-0.777777778,9.333333333,840.74,1173.926530688719,11589.623,11539.328,1.0044,30528.0,377.9916,44.17,55.83,75.2,50.27,76.0,96.0,39.0,57.0
Belize,32.05555556,19.05555556,25.0,1727.2,742.2576915299023,397.628,390.353,1.0186,22966.0,16.997,51.31,48.69,,,,87.0,34.0,53.0
Benin,34.88888889,20.88888889,26.94444444,1107.44,,12123.2,11801.151,1.0273,112622.0,104.7855,,,,,41.0,65.0,21.0,44.0
Bermuda,29.77777778,15.77777778,21.77777778,1501.14,3167.37583604796,62.278,62.506,0.9964,54.0,1157.5185,,,,,,,,
Bhutan,26.16666667,1.0,15.61111111,1084.58,410.6611208884679,771.608,763.092,1.0112,38394.0,19.8753,,,,,68.0,61.0,30.0,31.0
Panama,31.44444444,23.16666667,25.94444444,2237.74,890.1697665964235,4314.767,4246.439,1.0161,75417.0,56.3061,45.85,54.15,60.43,59.77,35.0,83.0,35.0,48.0
Bosnia And Herzegovina,25.05555556,-2.666666667,9.888888889,1061.72,424.0305250649595,3280.819,3301.0,0.9939,51209.0,64.4613,43.01,56.99,53.48,60.71,35.0,53.0,19.0,34.0
Botswana,32.11111111,5.277777778,20.94444444,441.96,602.9589218435322,2351.627,2303.697,1.0208,582000.0,3.9582,52.84,47.16,,,60.0,72.0,28.0,44.0
Brazil,32.27777778,17.94444444,24.5,952.5,438.8856195747117,212559.417,211049.527,1.0072,8515767.0,24.7834,67.85,32.15,57.33,54.53,38.0,74.0,31.0,43.0
British Indian Ocean Territory,30.55555556,22.77777778,25.55555556,2506.98,,,,,,,,,,,,,,
British Virgin Islands,30.83333333,21.38888889,25.55555556,1051.56,,30.231,30.03,1.0067,151.0,198.8742,,,,,,,,
Brunei,31.66666667,23.33333333,27.22222222,2839.72,,437.479,433.285,1.0097,5765.0,75.1578,28.03,71.97,,,,28.0,7.0,21.0
Bulgaria,26.05555556,-3.777777778,9.666666667,627.38,471.6373260228086,6948.445,7000.119,0.9926,110879.0,63.133,38.12,61.88,56.13,64.48,44.0,78.0,33.0,45.0
Burkina Faso,38.27777778,18.11111111,28.27777778,789.94,462.9167361578202,20903.273,20321.378,1.0286,272967.0,74.4463,,,,,40.0,54.0,23.0,31.0
Burundi,27.05555556,13.27777778,20.0,1231.9,,11890.784,11530.58,1.0312,27834.0,414.2624,,,,,19.0,14.0,4.0,10.0
Cambodia,34.72222222,20.38888889,27.0,1760.22,650.0209543443094,16718.965,16486.542,1.0141,181035.0,91.0683,51.22,48.78,,78.21,21.0,24.0,5.0,19.0
Cameroon,31.22222222,17.33333333,23.83333333,1930.4,440.216848997754,26545.863,25876.38,1.0259,475442.0,54.4259,,,,,25.0,16.0,7.0,9.0
Mexico,31.38888889,8.277777778,20.61111111,934.72,627.0694160727543,128932.753,127575.529,1.0106,1964375.0,64.9446,55.0,45.0,72.51,61.24,31.0,61.0,27.0,34.0
Cape Verde,28.88888889,18.05555556,22.66666667,177.8,,555.987,549.935,1.011,4033.0,136.3588,,,,,,,,
Cayman Islands,31.27777778,21.66666667,26.77777778,1303.02,2373.888573119892,65.722,64.948,1.0119,264.0,246.0152,,,,,,,,
Central African Republic,34.72222222,17.0,24.88888889,1460.5,,4829.767,4745.185,1.0178,622984.0,7.6169,,,,,26.0,9.0,3.0,6.0
Chad,40.0,15.44444444,27.27777778,695.96,,16425.864,15946.876,1.03,1284000.0,12.4197,,,,,21.0,17.0,3.0,14.0
Channel Islands,19.77777778,4.166666667,10.72222222,482.6,,,,,,,,,,,,,,
Singapore,31.11111111,22.77777778,26.44444444,2245.36,1583.1703774436469,5850.342,5804.337,1.0079,710.0,8175.1225,32.98,67.02,70.88,33.16,85.0,48.0,19.0,29.0
China,28.5,-7.777777778,12.94444444,975.36,747.1414374814195,1439323.776,1433783.686,1.0039,9706961.0,147.7068,30.17,69.83,66.38,81.47,42.0,9.0,-2.0,11.0
Christmas Island,27.77777778,21.66666667,25.0,2103.12,,,,,,,,,,,,,,
Cocos Islands,29.44444444,23.33333333,26.11111111,1953.26,,,,,,,,,,,,,,
Costa Rica,30.94444444,19.27777778,24.72222222,1529.08,794.0668545667932,5094.118,5047.561,1.0092,51100.0,98.7781,55.34,44.66,62.92,44.07,57.0,91.0,38.0,53.0
Comoros,29.61111111,18.44444444,23.72222222,2334.26,,869.601,850.886,1.022,1862.0,456.9742,,,,,21.0,42.0,16.0,26.0
Cook Islands,29.61111111,22.66666667,25.94444444,2159.0,,17.564,17.548,1.0009,236.0,74.3559,,,,,,,,
Puerto Rico,30.94444444,18.0,24.61111111,1666.24,1034.580553376717,2860.853,2933.408,0.9753,8870.0,330.7112,63.35,36.65,55.57,50.45,,,,
Cote D'Ivoire,32.94444444,19.83333333,26.22222222,1379.22,,,,,,,,,,,,,,
Croatia,27.33333333,0.833333333,12.83333333,1043.94,874.2133019723212,4105.267,4130.304,0.9939,56594.0,72.9813,24.91,75.09,64.23,30.58,47.0,85.0,36.0,49.0
Cuba,31.27777778,18.94444444,25.27777778,1120.14,764.4240121932011,11326.616,11333.483,0.9994,109884.0,103.1404,29.09,70.91,,,47.0,13.0,1.0,12.0
Curaçao,31.66666667,24.44444444,27.5,541.02,,,,,,,,,,,,,,
Cyprus,31.77777778,7.555555556,18.94444444,391.16,1010.6785970643648,1207.359,1198.575,1.0073,9251.0,129.5617,31.97,68.03,52.71,56.77,57.0,94.0,38.0,56.0
Czech Republic,20.94444444,-5.277777778,6.944444444,695.96,,10708.981,10689.209,1.0018,78865.0,135.5381,25.31,74.69,75.37,36.3,,91.0,36.0,55.0
Democratic Republic Of The Congo,30.27777778,16.55555556,23.5,1501.14,,,,,,,,,,,18.0,20.0,5.0,15.0
Denmark,19.88888889,-1.666666667,7.777777778,607.06,1424.6957130655444,5792.202,5771.876,1.0035,43094.0,133.9369,26.72,73.28,79.96,20.4,88.0,97.0,40.0,57.0
Djibouti,37.5,19.44444444,28.5,177.8,891.8083980003674,988.0,973.56,1.0148,23200.0,41.9638,,,,,27.0,24.0,5.0,19.0
Dominica,,,25.0,1935.48,863.6418574050055,71.986,71.808,1.0025,751.0,95.6165,,,,,55.0,93.0,37.0,56.0
Dominican Republic,30.61111111,19.44444444,24.72222222,1363.98,560.5063352041053,10847.91,10738.958,1.0101,48671.0,220.6439,60.14,39.86,54.97,75.08,28.0,67.0,26.0,41.0
East Timor,32.22222222,22.22222222,24.05555556,1244.6,,,,,,,,,,,,,,
Fiji,30.22222222,20.72222222,24.94444444,2593.34,685.8980187101895,896.445,889.953,1.0073,18272.0,48.7058,57.94,42.06,,,,60.0,24.0,36.0
Egypt,34.55555556,8.611111111,21.77777778,50.8,355.4941179843815,102334.404,100388.073,1.0194,1002450.0,100.1427,46.79,53.21,46.21,84.35,33.0,18.0,6.0,12.0
El Salvador,31.66666667,18.61111111,23.16666667,1643.38,665.132992368702,6486.205,6453.553,1.0051,21041.0,306.7132,68.82,31.18,,,36.0,63.0,30.0,33.0
Equatorial Guinea,30.77777778,19.72222222,24.44444444,2461.26,,1402.985,1355.986,1.0347,28051.0,48.34,,,,,16.0,5.0,0.0,5.0
Eritrea,33.61111111,17.77777778,23.38888889,347.98,,3546.421,3497.117,1.0141,117600.0,29.7374,,,,,21.0,2.0,1.0,1.0
Estonia,21.11111111,-7.777777778,5.5,650.24,720.8293885394868,1326.535,1325.648,1.0007,45227.0,29.311,23.38,76.62,72.83,19.01,75.0,94.0,38.0,56.0
Eswatini,26.38888889,9.888888889,19.66666667,922.02,,,,,,,,,,,33.0,19.0,1.0,18.0
Ethiopia,28.0,12.11111111,19.33333333,1092.2,698.5621892864017,114963.588,112078.73,1.0257,1104300.0,101.493,50.03,49.97,,77.74,38.0,22.0,9.0,13.0
Europa Island,30.0,19.44444444,25.0,510.54,,,,,,,,,,,,,,
Falkland Islands,14.44444444,0.555555556,5.555555556,640.08,,3.48,3.377,1.0305,12173.0,0.2774,,,,,,,,
Faroe Islands,12.22222222,1.666666667,6.666666667,1470.66,,48.863,48.678,1.0038,1393.0,34.9447,,,,,,,,
Federated States Of Micronesia,31.0,22.55555556,27.22222222,3716.02,,,,,,,,,,,,,,
United States,29.94444444,0.944444444,11.55555556,876.3,1845.932323710688,331002.651,329064.917,1.0059,9372610.0,35.1092,47.74,52.26,69.03,38.89,67.0,83.0,32.0,51.0
Finland,20.33333333,-11.66666667,2.555555556,556.26,1160.9852214766834,5540.72,5532.156,1.0015,338424.0,16.3468,27.01,72.99,76.4,11.86,85.0,10.0,40.0,60.0
France,24.77777778,1.333333333,11.27777778,779.78,1236.1429230232002,65273.511,65129.728,1.0022,551695.0,118.0539,49.2,50.8,80.99,41.79,69.0,90.0,38.0,52.0
French Guiana,31.55555556,21.83333333,25.77777778,3014.98,,298.682,290.832,1.027,83534.0,3.4816,,,,,,,,
French Polynesia,29.77777778,21.11111111,24.55555556,1798.32,1702.6182839903056,280.908,279.287,1.0058,4167.0,67.0235,,,,,,,,
French Southern And Antarctic Lands,13.5,4.277777778,8.444444444,1125.22,,,,,,,,,,,,,,
Gabon,30.44444444,19.88888889,24.77777778,1930.4,1166.1081276630985,2225.734,2172.579,1.0245,267668.0,8.1167,,,,,30.0,22.0,3.0,19.0
Gaza Strip,,,18.88888889,299.72,,,,,,,,,,,,11.0,3.0,8.0
Georgia,27.05555556,2.111111111,14.0,878.84,445.6375593892662,3989.167,3996.765,0.9981,69700.0,57.3424,22.62,77.38,53.83,69.7,56.0,60.0,23.0,37.0
New Caledonia,29.88888889,16.05555556,23.16666667,1440.18,1271.7283567010757,285.498,282.75,1.0097,18575.0,15.2221,,,,,,,,
Ghana,31.94444444,23.5,26.77777778,1183.64,681.0596670560831,31072.94,30417.856,1.0215,238533.0,127.5205,48.52,51.48,,88.98,43.0,82.0,35.0,47.0
Gibraltar,27.77777778,11.11111111,18.33333333,833.12,1724.709621284795,33.691,33.701,0.9997,6.0,5616.8333,,,,,,,,
Glorioso Islands,30.55555556,22.77777778,27.22222222,,,,,,,,,,,,,,,
Greece,30.5,5.333333333,16.94444444,642.62,752.8463482946538,10423.054,10473.455,0.9952,131990.0,79.3504,44.14,55.86,56.96,51.95,50.0,87.0,37.0,50.0
Greenland,7.888888889,-18.94444444,-5.333333333,574.04,1748.1930833639287,56.77,56.672,1.0017,2166086.0,0.0262,,,,,,,,
Grenada,30.0,22.5,26.11111111,1943.1,,112.523,112.003,1.0046,344.0,325.5901,,,,,53.0,89.0,37.0,52.0
Guadeloupe,31.38888889,20.22222222,25.44444444,1780.54,,400.124,400.056,1.0002,1628.0,245.7346,,,,,,,,
Guam,30.5,22.88888889,26.72222222,2280.92,1734.5885038551144,168.775,167.294,1.0089,549.0,304.725,,,,,,,,
Guatemala,29.88888889,19.33333333,20.72222222,1584.96,632.8568256789484,17915.568,17581.472,1.019,108889.0,161.4623,58.15,41.85,65.94,72.49,25.0,52.0,21.0,31.0
Guinea,32.94444444,20.38888889,25.61111111,2156.46,,13132.795,12771.246,1.0283,245857.0,51.9458,,,,,28.0,38.0,14.0,24.0
Guinea-Bissau,33.55555556,19.22222222,27.0,1818.64,,1968.001,1920.922,1.0245,36125.0,53.1743,,,,,,44.0,17.0,27.0
Guyana,31.83333333,21.38888889,26.27777778,2400.3,577.4673244845542,786.552,782.766,1.0048,214969.0,3.6413,68.74,31.26,,,41.0,73.0,30.0,43.0
Haiti,31.0,18.33333333,24.83333333,1516.38,990.7997974019212,11402.528,11263.077,1.0124,27750.0,405.8766,,,,,18.0,37.0,15.0,22.0
Holy See,28.33333333,3.888888889,15.55555556,802.64,,,,,,,,,,,,,,
Honduras,30.77777778,21.77777778,25.44444444,1864.36,655.2496786745952,9904.607,9746.117,1.0163,112492.0,86.6383,74.78,25.22,,,24.0,44.0,19.0,25.0
Hungary,25.94444444,-3.722222222,10.16666667,576.58,569.3819392124083,9660.351,9684.679,0.9975,93028.0,104.105,34.81,65.19,51.64,47.81,44.0,69.0,26.0,43.0
Iceland,13.11111111,-3.777777778,3.611111111,967.74,1595.7301416815972,341.243,339.031,1.0065,103000.0,3.2916,24.13,75.87,65.69,16.24,75.0,94.0,37.0,57.0
India,35.83333333,10.72222222,24.22222222,1267.46,354.63096910116394,1380004.385,1366417.754,1.0099,3287590.0,415.629,44.72,55.28,66.25,79.62,40.0,67.0,34.0,33.0
Indian Ocean Island,30.55555556,24.44444444,27.22222222,,,,,,,,,,,,,,,
Indonesia,31.11111111,21.77777778,26.33333333,2362.2,485.8339616919646,273523.615,270625.568,1.0107,1904569.0,142.0928,46.23,53.77,60.49,67.08,37.0,59.0,30.0,29.0
Iran,35.11111111,-1.111111111,16.16666667,342.9,,83992.949,82913.906,1.013,1648195.0,50.3059,49.19,50.81,52.25,76.13,25.0,16.0,6.0,10.0
Iraq,42.5,4.5,22.44444444,231.14,537.0604758647736,40222.493,39309.783,1.0232,438317.0,89.6835,48.77,51.23,44.57,73.57,21.0,29.0,16.0,13.0
Ireland,18.38888889,2.944444444,9.666666667,1036.32,1516.9838758723429,4937.786,4882.495,1.0113,70273.0,69.479,45.02,54.98,52.78,33.59,72.0,97.0,39.0,58.0
Isle Of Man,18.77777778,3.666666667,10.11111111,899.16,1195.5335780213616,85.033,84.584,1.0053,572.0,147.8741,20.79,79.21,,,,,,
Israel,32.72222222,7.055555556,19.33333333,467.36,1355.5777541108814,8655.535,8519.377,1.016,20770.0,410.177,31.21,68.79,73.76,58.42,60.0,76.0,33.0,43.0
Italy,27.33333333,2.555555556,13.5,772.16,1057.2955807268124,60461.826,60550.075,0.9985,301336.0,200.9387,44.37,55.63,66.77,53.93,53.0,90.0,36.0,54.0
Jamaica,31.05555556,20.72222222,25.38888889,1348.74,1260.2440261032589,2961.167,2948.279,1.0044,10991.0,268.2448,67.53,32.47,,66.27,44.0,80.0,34.0,46.0
Japan,28.77777778,0.222222222,13.94444444,1717.04,1223.4872407949747,126476.461,126860.301,0.997,377930.0,335.6714,21.95,78.05,80.68,39.4,74.0,96.0,40.0,56.0
Jordan,33.11111111,4.611111111,18.61111111,200.66,606.0444952277186,10203.134,10101.694,1.01,89342.0,113.0677,40.73,59.27,65.38,76.09,49.0,34.0,11.0,23.0
Juan De Nova Island,30.55555556,23.33333333,27.22222222,,,,,,,,,,,,,,,
Kazakhstan,29.61111111,-17.11111111,5.944444444,294.64,430.9057294121801,18776.707,18551.427,1.0121,2724900.0,6.8081,54.02,45.98,60.09,72.62,38.0,23.0,5.0,18.0
Kenya,29.16666667,15.11111111,20.83333333,1084.58,531.9812802944178,53771.296,52573.973,1.0228,580367.0,90.5875,61.4,38.6,55.83,75.88,31.0,48.0,19.0,29.0
Kiribati,30.72222222,24.77777778,27.22222222,1511.3,,119.449,117.606,1.0157,811.0,145.0136,,,,,,93.0,37.0,56.0
Kosovo,27.44444444,-4.0,10.66666667,716.28,,,,,,,,,,,36.0,54.0,23.0,31.0
Kuwait,44.72222222,7.222222222,24.66666667,104.14,1065.6685125904023,4270.571,4207.083,1.0151,17818.0,236.1142,34.04,65.96,58.97,66.72,42.0,37.0,14.0,23.0
Kyrgyzstan,27.66666667,-13.72222222,8.277777778,403.86,336.8224400847217,6524.195,6415.85,1.0169,199951.0,32.0871,55.39,44.61,,,31.0,28.0,4.0,24.0
Laos,33.22222222,14.55555556,24.66666667,1701.8,,7275.56,7169.455,1.0148,236800.0,30.2764,,,,78.76,29.0,13.0,2.0,11.0
Latvia,20.16666667,-6.0,6.055555556,589.28,669.9920938532808,1886.198,1906.743,0.9892,64559.0,29.5349,37.21,62.79,62.18,33.91,57.0,89.0,37.0,52.0
Lebanon,28.77777778,4.444444444,15.88888889,861.06,1078.7412487979468,6825.445,6855.713,0.9956,10452.0,655.9236,46.96,53.04,63.29,89.35,25.0,43.0,13.0,30.0
Lesotho,27.16666667,-0.111111111,13.55555556,734.06,,2142.249,2125.268,1.008,30355.0,70.0138,,,,,41.0,63.0,27.0,36.0
Liberia,32.05555556,21.94444444,25.11111111,2771.14,783.4074527103968,5057.681,4937.374,1.0244,111369.0,44.3335,,,,,28.0,60.0,27.0,33.0
Libya,33.16666667,6.888888889,20.16666667,187.96,603.3049984241751,6871.292,6777.452,1.0138,1759540.0,3.8518,62.0,38.0,,57.78,17.0,9.0,1.0,8.0
Liechtenstein,23.88888889,-2.777777778,9.833333333,924.56,1625.1201864575337,38.128,38.019,1.0029,160.0,237.6188,,,,,,90.0,33.0,57.0
Lithuania,21.16666667,-7.0,6.333333333,668.02,624.1198475975893,2722.289,2759.627,0.9865,65300.0,42.2608,33.84,66.16,70.97,27.01,60.0,90.0,38.0,52.0
Luxembourg,21.94444444,-2.055555556,8.166666667,822.96,1802.5295764321156,625.978,615.729,1.0166,2586.0,238.1009,32.15,67.85,,23.27,80.0,97.0,38.0,59.0
Macedonia,28.55555556,-2.555555556,11.61111111,556.26,,2083.374,2083.459,1.0,25713.0,81.0275,,,,,,,,
Madagascar,28.61111111,14.61111111,21.88888889,1701.8,538.2709515675303,27691.018,26969.307,1.0268,587041.0,45.9411,,,,,25.0,60.0,27.0,33.0
Malawi,30.11111111,10.88888889,21.38888889,1109.98,,19129.952,18628.747,1.0269,118484.0,157.2258,,,,,30.0,66.0,29.0,37.0
Malaysia,31.38888889,22.22222222,26.27777778,2669.54,450.9310224929818,32365.999,31949.777,1.013,330803.0,96.5825,57.89,42.11,69.59,62.58,51.0,51.0,21.0,30.0
Maldives,31.27777778,24.61111111,27.83333333,2108.2,884.1397370236529,540.544,530.953,1.0181,300.0,1769.8433,55.99,44.01,,,43.0,40.0,19.0,21.0
Mali,38.38888889,17.72222222,28.38888889,655.32,,20250.833,19658.031,1.0302,1240192.0,15.8508,,,,,30.0,33.0,9.0,24.0
Malta,31.0,9.555555556,18.72222222,558.8,1201.3693180373832,441.543,440.372,1.0027,316.0,1393.5823,38.93,61.07,67.12,77.76,53.0,90.0,35.0,55.0
Marshall Islands,30.33333333,24.33333333,27.38888889,2565.4,,59.19,58.791,1.0068,181.0,324.8122,,,,,,93.0,38.0,55.0
Martinique,31.16666667,21.72222222,26.05555556,1884.68,,375.265,375.554,0.9992,1128.0,332.9379,,,,,,,,
Mauritania,37.72222222,16.05555556,27.83333333,187.96,,4649.658,4525.696,1.0274,1030700.0,4.3909,,,,,29.0,35.0,14.0,21.0
Mauritius,28.83333333,18.61111111,23.77777778,1549.4,662.0581646630776,1271.768,1269.668,1.0017,2040.0,622.3863,47.89,52.11,,56.19,53.0,87.0,37.0,50.0
Mayotte,31.11111111,21.11111111,25.55555556,1143.0,,272.815,266.15,1.025,374.0,711.631,,,,,,,,
Vanuatu,29.72222222,19.5,24.5,2499.36,1609.905957874303,307.145,299.882,1.0242,12189.0,24.6027,,,,,43.0,82.0,33.0,49.0
Moldova,26.38888889,-6.111111111,9.722222222,525.78,,4033.963,4043.263,0.9977,33846.0,119.4606,46.56,53.44,,,34.0,61.0,26.0,35.0
Monaco,25.11111111,3.222222222,14.77777778,805.18,6672.075055703048,39.242,38.964,1.0071,2.0,19482.0,,,,86.76,,83.0,26.0,57.0
Mongolia,22.83333333,-26.77777778,-0.666666667,236.22,406.6746020104122,3278.29,3225.167,1.0165,1564110.0,2.062,55.64,44.36,,91.84,35.0,84.0,36.0,48.0
Montenegro,27.66666667,0.277777778,12.88888889,1363.98,531.7143096141066,628.066,627.987,1.0001,13812.0,45.4668,41.61,58.39,,46.91,45.0,63.0,24.0,39.0
Montserrat,,,27.22222222,1788.16,,4.992,4.989,1.0006,102.0,48.9118,,,,,,,,
Morocco,30.72222222,6.388888889,17.5,429.26,414.1046455605541,36910.56,36471.769,1.012,446550.0,81.6745,49.1,50.9,45.81,70.38,40.0,37.0,13.0,24.0
Mozambique,31.5,15.44444444,23.72222222,970.28,,31255.435,30366.036,1.0293,801590.0,37.8823,,,,,25.0,43.0,14.0,29.0
Myanmar,34.83333333,14.05555556,25.83333333,2461.26,714.4345965908884,54409.8,54045.42,1.0067,676578.0,79.8805,47.17,52.83,,89.77,28.0,28.0,13.0,15.0
Namibia,28.38888889,7.777777778,20.16666667,309.88,686.4388046697453,2540.905,2494.53,1.0186,825615.0,3.0214,65.89,34.11,,,51.0,77.0,31.0,46.0
Nauru,30.83333333,24.44444444,27.22222222,2065.02,,10.824,10.756,1.0063,21.0,512.1905,,,,,,77.0,34.0,43.0
Nepal,29.05555556,1.777777778,18.72222222,1564.64,289.8080458629338,29136.808,28608.71,1.0185,147181.0,194.3777,35.72,64.28,57.94,84.26,33.0,56.0,25.0,31.0
Argentina,29.66666667,4.0,17.38888889,871.22,497.3239393747274,45195.774,44780.677,1.0093,2780400.0,16.1058,63.31,36.69,68.58,50.73,42.0,84.0,35.0,49.0
Netherlands Antilles,31.72222222,23.0,27.5,487.68,,,,,,,,,,,,,,
Australia,29.44444444,6.0,17.44444444,782.32,1339.9201409668262,25499.884,25203.198,1.0118,7692024.0,3.2765,42.44,57.56,77.71,23.48,77.0,97.0,40.0,57.0
Colombia,29.27777778,19.88888889,23.11111111,1783.08,442.45429962121,50882.891,50339.443,1.0108,1141748.0,44.0898,55.77,44.23,66.72,62.88,39.0,65.0,29.0,36.0
Nicaragua,30.83333333,22.38888889,25.88888889,2623.82,501.10575342180897,6624.554,6545.502,1.0121,130373.0,50.206,48.37,51.63,,,22.0,30.0,10.0,20.0
Niger,39.61111111,15.22222222,28.33333333,584.2,,24206.644,23310.715,1.0384,1267000.0,18.3984,,,,,32.0,48.0,20.0,28.0
Nigeria,34.22222222,19.05555556,26.72222222,1282.7,1005.345910116954,206139.589,200963.599,1.0258,923768.0,217.5477,63.86,36.14,48.89,87.35,25.0,45.0,21.0,24.0
Niue,29.44444444,20.55555556,24.44444444,2062.48,,1.626,1.615,1.0068,260.0,6.2115,,,,,,,,
Norfolk Island,25.0,13.05555556,18.61111111,1313.18,,,,,,,,,,,,,,
North Korea,26.27777778,-12.16666667,7.833333333,916.94,,25778.816,25666.161,1.0044,120538.0,212.93,,,,,,3.0,0.0,3.0
Northern Mariana Islands,30.72222222,23.0,26.77777778,2115.82,,57.559,57.216,1.006,464.0,123.3103,,,,,,,,
Norway,16.11111111,-6.888888889,4.333333333,1122.68,1546.297937472999,5421.241,5378.857,1.0079,323802.0,16.6116,33.35,66.65,75.5,18.14,84.0,10.0,40.0,60.0
Oceania,30.22222222,11.77777778,26.0,1651.0,,,,,,,,,,,,,,
Oman,37.33333333,14.55555556,26.55555556,96.52,782.9788478458356,5106.626,4974.986,1.0265,309500.0,16.0743,20.26,79.74,58.42,37.59,54.0,23.0,6.0,17.0
Pakistan,37.94444444,4.0,21.5,406.4,237.1771627517796,220892.34,216565.318,1.02,881912.0,245.5634,43.86,56.14,60.52,73.36,31.0,37.0,15.0,22.0
Palau,31.05555556,18.77777778,27.16666667,3357.88,,18.094,18.008,1.0048,459.0,39.2331,,,,,,92.0,37.0,55.0
South Korea,28.83333333,-5.333333333,12.11111111,1300.48,,51269.185,51225.308,1.0009,100210.0,511.1796,26.86,73.14,82.34,61.85,,83.0,33.0,50.0
Papua New Guinea,30.11111111,20.38888889,24.66666667,2806.7,1275.8364143140072,8947.024,8776.109,1.0195,462840.0,18.9614,80.24,19.76,,,27.0,62.0,23.0,39.0
Paracel Islands,31.11111111,22.22222222,26.38888889,1242.06,,,,,,,,,,,,,,
Paraguay,32.72222222,12.5,22.27777778,1574.8,425.0383284021705,7132.538,7044.636,1.0125,406752.0,17.3192,48.97,51.03,,,28.0,65.0,28.0,37.0
Spain,28.66666667,5.777777778,15.55555556,551.18,951.3598090184876,46754.778,46736.776,1.0004,505992.0,92.3666,33.13,66.87,78.8,39.62,62.0,90.0,37.0,53.0
Philippines,32.05555556,21.5,26.55555556,2451.1,538.4698739928784,109581.078,108116.615,1.0135,342353.0,315.8045,42.16,57.84,67.09,74.06,34.0,56.0,25.0,31.0
Pitcairn Islands,26.22222222,16.0,20.0,1630.68,,,,,,,,,,,,,,
Poland,23.83333333,-8.444444444,7.0,624.84,696.9420627043658,37846.611,37887.768,0.9989,312679.0,121.1715,29.32,70.68,58.25,54.33,56.0,82.0,34.0,48.0
Ecuador,27.72222222,18.22222222,19.44444444,1036.32,565.966229510723,17643.054,17373.662,1.0155,276841.0,62.7568,54.41,45.59,68.81,58.34,39.0,67.0,27.0,40.0
Portugal,26.77777778,7.833333333,15.77777778,825.5,853.3765723918468,10196.709,10226.187,0.9971,92090.0,111.0456,29.89,70.11,71.93,29.57,61.0,96.0,39.0,57.0
Qatar,40.22222222,13.33333333,26.72222222,78.74,1646.0648046588417,2881.053,2832.067,1.0173,11586.0,244.4387,12.29,87.71,73.0,60.18,63.0,25.0,7.0,18.0
Republic Of Congo,30.72222222,18.44444444,24.11111111,1531.62,,,,,,,,,,,,,,
Reunion,29.61111111,19.05555556,24.33333333,1653.54,,895.312,888.927,1.0072,2511.0,354.0131,,,,,,,,
Romania,25.22222222,-5.333333333,8.666666667,627.38,494.7060781900089,19237.691,19364.557,0.9934,238391.0,81.2302,28.35,71.65,56.09,58.42,44.0,83.0,35.0,48.0
Russia,21.0,-21.72222222,-0.944444444,510.54,,145934.462,145872.256,1.0004,17098242.0,8.5314,40.13,59.87,58.44,62.32,30.0,20.0,5.0,15.0
Rwanda,25.77777778,14.05555556,19.11111111,1191.26,579.2552358162255,12952.218,12626.95,1.0258,26338.0,479.4195,25.28,74.72,,,54.0,21.0,8.0,13.0
Saint Barthélemy,32.22222222,22.77777778,28.33333333,,,,,,,,,,,,,,,
Saint Helena,19.66666667,9.888888889,15.94444444,1742.44,,,,,,,,,,,,,,
Saint Kitts And Nevis,31.11111111,21.83333333,26.33333333,1160.78,,53.199,52.823,1.0071,261.0,202.387,,,,,,,,
Saint Lucia,30.61111111,23.55555556,27.5,1645.92,,183.627,182.79,1.0046,616.0,296.737,,,,,56.0,,,
Saint Martin,32.22222222,22.77777778,26.94444444,1023.62,,38.666,38.002,1.0175,53.0,717.0189,,,,,,,,
Saint Pierre And Miquelon,,,5.0,1275.08,,5.794,5.822,0.9952,242.0,24.0579,,,,,,,,
Saint Vincent And The Grenadines,31.11111111,23.88888889,25.27777778,1927.86,,110.94,110.589,1.0032,389.0,284.2905,,,,,59.0,,,
Samoa,30.0,23.33333333,26.11111111,2857.5,,198.414,197.097,1.0067,2842.0,69.3515,,,,,,81.0,30.0,51.0
San Marino,26.38888889,0.722222222,12.77777778,828.04,747.3294876083356,33.931,33.86,1.0021,61.0,555.082,,,,,,93.0,38.0,55.0
Sao Tome And Principe,29.33333333,21.38888889,25.38888889,1744.98,,219.159,215.056,1.0191,964.0,223.0871,,,,,47.0,,,
Saudi Arabia,38.44444444,10.44444444,25.33333333,124.46,669.0781227913335,34813.871,34268.528,1.0159,2149690.0,15.9411,25.93,74.07,60.71,64.13,53.0,7.0,1.0,6.0
Senegal,35.77777778,17.33333333,27.5,632.46,798.6047955207172,16743.927,16296.364,1.0275,196722.0,82.8396,,,,,45.0,71.0,29.0,42.0
Serbia,26.61111111,-3.666666667,10.11111111,701.04,463.5340245683711,8737.371,8772.235,0.996,88361.0,99.2772,38.26,61.74,51.62,61.2,38.0,64.0,22.0,42.0
Seychelles,31.27777778,23.72222222,26.66666667,2278.38,1208.594852824212,98.347,97.739,1.0062,452.0,216.2367,,,,,66.0,77.0,34.0,43.0
Sierra Leone,32.88888889,21.11111111,26.11111111,2720.34,,7976.983,7813.215,1.021,71740.0,108.9102,,,,,33.0,65.0,28.0,37.0
Bolivia,26.5,6.055555556,17.16666667,853.44,,11673.021,11513.1,1.0139,1098581.0,10.48,55.39,44.61,,73.25,31.0,66.0,27.0,39.0
Sint Maarten,30.55555556,22.22222222,26.38888889,,,42.876,42.388,1.0115,34.0,1246.7059,,,,,,,,
Slovakia,22.27777778,-7.111111111,6.222222222,665.48,710.639208797774,5459.642,5457.013,1.0005,49037.0,111.2836,29.74,70.26,60.89,39.08,49.0,90.0,37.0,53.0
Slovenia,22.61111111,-4.888888889,8.0,1247.14,802.2624501407123,2078.938,2078.654,1.0001,20273.0,102.5331,21.79,78.21,65.28,22.65,60.0,95.0,39.0,56.0
Solomon Islands,30.61111111,22.72222222,26.27777778,3213.1,,686.884,669.823,1.0255,28896.0,23.1805,,,,,42.0,79.0,30.0,49.0
Somalia,33.11111111,19.5,26.61111111,312.42,441.1725382362051,15893.222,15442.905,1.0292,637657.0,24.2182,56.04,43.96,,,12.0,7.0,1.0,6.0
South Africa,27.5,4.611111111,16.94444444,670.56,724.4292586154255,59308.69,58558.27,1.0128,1221037.0,47.9578,77.07,22.93,63.89,56.96,44.0,79.0,33.0,46.0
South Georgia And The South Sandwich Islands,8.333333333,-2.777777778,1.666666667,1473.2,,,,,,,,,,,,,,
Tonga,25.88888889,19.0,24.72222222,1765.3,,105.695,104.494,1.0115,747.0,139.8849,,,,,,79.0,30.0,49.0
South Sudan,37.11111111,19.0,26.61111111,1041.4,,11193.725,11062.113,1.0119,619745.0,17.8495,,,,,12.0,2.0,-2.0,4.0
Peru,24.33333333,9.166666667,15.83333333,622.3,494.39330751516815,32971.854,32510.453,1.0142,1285216.0,25.2957,66.61,33.39,56.38,82.69,38.0,71.0,29.0,42.0
Sri Lanka,31.16666667,21.83333333,25.38888889,1841.5,323.7075023924327,21413.249,21323.733,1.0042,65610.0,325.0074,41.19,58.81,72.63,59.92,38.0,56.0,23.0,33.0
Sudan,38.72222222,14.88888889,27.88888889,327.66,460.9449973309959,43849.26,42813.238,1.0242,1886068.0,22.6997,,,,,16.0,17.0,2.0,15.0
Suriname,31.66666667,23.61111111,25.72222222,2202.18,589.8055784834362,586.632,581.372,1.009,163820.0,3.5488,,,,,38.0,79.0,34.0,45.0
Sweden,20.5,-8.555555556,4.611111111,574.04,1143.494604049353,10099.265,10036.379,1.0063,450295.0,22.2885,47.2,52.8,68.8,18.44,85.0,10.0,40.0,60.0
Switzerland,20.22222222,-5.833333333,5.833333333,1186.18,2052.45308512366,8654.622,8591.365,1.0074,41284.0,208.104,21.35,78.65,74.47,20.09,85.0,96.0,39.0,57.0
Syria,34.88888889,3.444444444,17.72222222,345.44,,17500.658,17070.135,1.0252,185180.0,92.1813,68.09,31.91,,72.62,14.0,1.0,-3.0,4.0
Taiwan,31.05555556,12.22222222,21.88888889,1513.84,,23816.775,23773.876,1.0018,36193.0,656.8639,15.24,84.76,86.39,62.92,65.0,94.0,38.0,56.0
Tajikistan,31.0,-7.222222222,11.38888889,541.02,295.4805771508038,9537.645,9321.018,1.0232,143100.0,65.1364,,,,,25.0,8.0,0.0,8.0
Tanzania,29.38888889,14.94444444,22.33333333,1074.42,,59734.218,58005.463,1.0298,945087.0,61.3758,56.64,43.36,,64.38,38.0,34.0,12.0,22.0
Canada,22.77777778,-15.61111111,3.333333333,876.3,1305.8409156023918,37742.154,37411.047,1.0089,9984670.0,3.7468,41.19,58.81,71.8,28.13,77.0,98.0,40.0,58.0
The Bahamas,31.77777778,18.55555556,24.83333333,1173.48,,,,,,,,,,,,91.0,38.0,53.0
The Gambia,37.55555556,16.38888889,28.0,927.1,,,,,,,,,,,,46.0,20.0,26.0
Togo,34.66666667,20.94444444,26.55555556,1262.38,,8278.724,8082.366,1.0243,56785.0,142.3328,,,,,29.0,43.0,15.0,28.0
Tokelau,,,27.22222222,2794.0,,1.357,1.34,1.0127,12.0,111.6667,,,,,,,,
Chile,22.77777778,4.888888889,12.27777778,1061.72,679.7109710560751,19116.201,18952.038,1.0087,756102.0,25.0655,52.08,47.92,63.72,78.96,67.0,93.0,38.0,55.0
Trinidad And Tobago,31.16666667,22.22222222,26.38888889,1485.9,813.4213122306663,1399.488,1394.973,1.0032,5130.0,271.9246,70.95,29.05,53.76,67.44,40.0,82.0,33.0,49.0
Tromelin Island,30.0,22.77777778,26.66666667,,,,,,,,,,,,,,,
Tunisia,32.44444444,6.444444444,18.33333333,411.48,294.8104745414111,11818.619,11694.719,1.0106,163610.0,71.4792,43.4,56.6,56.16,70.85,44.0,71.0,32.0,39.0
Turkey,29.55555556,-1.5,12.33333333,652.78,357.46879501964656,84339.067,83429.615,1.0109,783562.0,106.4748,39.53,60.47,70.71,66.15,40.0,32.0,16.0,16.0
Turkmenistan,36.27777778,-2.166666667,15.38888889,172.72,1568.8196891692558,6031.2,5942.089,1.015,488100.0,12.1739,,,,,19.0,2.0,0.0,2.0
Turks And Caicos Islands,31.11111111,22.77777778,26.66666667,604.52,,38.717,38.191,1.0138,948.0,40.2859,,,,,,,,
Tuvalu,30.55555556,26.66666667,27.22222222,3472.18,,11.792,11.646,1.0125,26.0,447.9231,,,,,,93.0,37.0,56.0
U.S. Virgin Islands,31.44444444,20.88888889,26.22222222,1059.18,,,,,,,,,,,,,,
Uganda,28.83333333,15.05555556,21.5,1277.62,513.6960497547325,45741.007,44269.594,1.0332,241550.0,183.273,56.07,43.93,,,27.0,34.0,11.0,23.0
Ukraine,25.88888889,-6.444444444,8.666666667,510.54,469.1872502860471,43733.762,43993.638,0.9941,603500.0,72.8975,48.28,51.72,53.43,64.31,33.0,60.0,26.0,34.0
United Arab Emirates,40.66666667,13.44444444,27.0,129.54,1308.968914776939,9890.402,9770.529,1.0123,83600.0,116.8724,15.35,84.65,68.02,50.44,71.0,17.0,5.0,12.0
New Zealand,22.11111111,3.0,12.22222222,1267.46,1251.7072035770484,4822.233,4783.063,1.0082,270467.0,17.6845,42.26,57.74,73.58,23.81,88.0,99.0,40.0,59.0
Germany,21.72222222,-2.611111111,8.111111111,746.76,1150.562982149625,83783.942,83517.045,1.0032,357114.0,233.8666,35.42,64.58,73.77,27.48,80.0,94.0,39.0,55.0
Uruguay,29.44444444,6.888888889,16.83333333,1137.92,762.9663779780698,3473.73,3461.734,1.0035,181034.0,19.122,51.22,48.78,67.66,45.67,71.0,98.0,40.0,58.0
Uzbekistan,35.05555556,-5.333333333,13.94444444,302.26,368.7568108936614,33469.203,32981.716,1.0148,447400.0,73.7186,34.7,65.3,,,26.0,11.0,2.0,9.0
Netherlands,20.77777778,-0.222222222,9.555555556,754.38,,17134.872,17097.13,1.0022,41850.0,408.5336,27.22,72.78,75.76,25.28,82.0,98.0,40.0,58.0
Venezuela,30.55555556,19.11111111,24.66666667,1115.06,,28435.94,28515.829,0.9972,916445.0,31.1157,84.25,15.75,39.67,75.12,15.0,14.0,1.0,13.0
United Kingdom,19.83333333,1.444444444,9.333333333,754.38,1451.9510535471925,67886.011,67530.172,1.0053,242900.0,278.0164,45.26,54.74,74.93,40.25,77.0,93.0,39.0,54.0
Wake Island,31.33333333,22.44444444,26.94444444,909.32,,,,,,,,,,,,,,
Wallis And Futuna,30.55555556,23.88888889,27.0,3309.62,,11.239,11.432,0.9831,142.0,80.507,,,,,,,,
West Bank,,,15.38888889,604.52,,,,,,,,,,,,25.0,4.0,21.0
Western Sahara,29.88888889,13.0,21.0,68.58,,597.339,582.463,1.0255,266000.0,2.1897,,,,,,4.0,-3.0,7.0
Yemen,33.77777778,20.66666667,27.05555556,53.34,535.3202929473836,29825.964,29161.922,1.0228,527968.0,55.2343,,,,,15.0,11.0,1.0,10.0
Zambia,31.72222222,8.722222222,21.0,1043.94,486.6299550226719,18383.955,17861.03,1.0293,752612.0,23.7321,43.22,56.78,,,33.0,52.0,20.0,32.0
Zimbabwe,29.05555556,7.166666667,19.66666667,764.54,655.8748452689341,14862.924,14645.468,1.0148,390757.0,37.4797,58.88,41.12,,74.44,24.0,28.0,11.0,17.0
