Country Name,1990,1991,1992,1993,1994,1995,1996,1997,1998,1999,2000,2001,2002,2003,2004,2005,2006,2007,2008,2009,2010,2011,2012,2013,2014,2015,2016,2017,2018,2019,2020,,,,,,,,,,,,,,,,,,,,
Aruba,0.945131435,0.96552182,0.979810965,1.0078286,1.048954376,1.062041604,1.077155771,1.098134595,1.157247616,1.165872741,1.152334116,1.191074341,1.225613635,1.228513705,1.222277975,1.2248603,1.223898374,1.262795748,1.301539192,1.314000445,1.290071386,1.302940607,1.317801356,1.285140992,1.308842779,1.36231792,1.355044602,1.35068965,,,,,,,,,,,,,,,,,,,,,,,
Africa Eastern and Southern,,,,,,,,,,,,,,,,,,,,,,,,,,,,,,,,,,,,,,,,,,,,,,,,,,,
Afghanistan,,,,,,,,,,,,,9.190296719,10.07435732,10.91599974,11.74149722,12.21714022,14.57778776,14.59940268,14.17549154,14.54672831,16.61347779,17.24226402,17.50941893,17.03587758,17.02251989,17.44582787,17.20555793,17.15017262,17.94821498,18.70830282,,,,,,,,,,,,,,,,,,,,
Africa Western and Central,,,,,,,,,,,,,,,,,,,,,,,,,,,,,,,,,,,,,,,,,,,,,,,,,,,
Angola,1.06E-08,2.11E-08,1.19E-07,1.18E-06,2.64E-05,0.000497458,0.023939749,0.045997781,0.063388755,0.410849905,2.081743688,4.203521249,10.03391,19.1036725,24.82366879,34.27518573,38.96333527,39.57883998,46.34378151,38.28420309,50.05276312,64.6057518,65.68166932,66.01937312,65.00067341,68.18204442,80.77896774,92.9517219,117.1561333,147.4341519,167.6614299,,,,,,,,,,,,,,,,,,,,
Albania,2.338548664,3.065402201,9.979886537,21.99848928,29.25851292,31.47720443,35.42455712,38.73816772,40.72008088,41.10161367,42.00700744,42.80558048,42.92630695,44.63893928,44.93597612,45.52727735,44.47164726,44.68905845,44.56126825,44.30554557,44.1623569,43.85783325,43.65499908,44.11370926,42.89380664,42.70583122,42.38587909,42.25555058,42.12577087,41.34246423,41.00808368,,,,,,,,,,,,,,,,,,,,
Andorra,,,,,,,,,,,,,,,,,,,,,,,,,,,,,,,,,,,,,,,,,,,,,,,,,,,
Arab World,,,,,,,,,,,,,,,,,,,,,,,,,,,,,,,,,,,,,,,,,,,,,,,,,,,
United Arab Emirates,1.167017196,1.137995705,1.132743131,1.120668228,1.094358066,1.113766089,1.156881439,1.126440215,1.066512614,1.140101476,1.242965633,1.187712949,1.213308042,1.239696537,1.309825101,1.480183941,1.608567216,1.762829874,2.049672526,1.725318197,1.918458625,2.126608374,2.177724601,2.213315962,2.182567121,2.187784673,2.189752101,2.221791985,2.347755013,2.26275575,,,,,,,,,,,,,,,,,,,,,
Argentina,0.293642788,0.683116557,0.775239997,0.730329409,0.73543466,0.743129894,0.729385404,0.713694801,0.693716389,0.671283863,0.663416498,0.642063804,0.825195079,0.895180745,1.031788032,1.103858329,1.218660908,1.364084812,1.648101411,1.88715395,2.255571483,2.73312783,3.218153713,3.940966839,5.45196391,6.866548082,9.294965784,10.25682158,14.02408241,20.75296144,28.67379648,,,,,,,,,,,,,,,,,,,,
Armenia,0.005126002,0.008894544,0.058161904,0.847217887,34.89972976,89.27358264,104.8441345,121.3467941,132.8340015,131.0138811,126.3887916,128.6576733,129.6400609,133.1292373,137.7785849,137.9039482,140.034625,142.2051121,147.8467598,150.3923586,160.2090664,163.6499972,157.9638335,159.8460874,165.1858853,172.9235299,161.2288736,155.9707149,156.5597437,156.0637964,157.0910014,,,,,,,,,,,,,,,,,,,,
American Samoa,,,,,,,,,,,,,,,,,,,,,,,,,,,,,,,,,,,,,,,,,,,,,,,,,,,
Antigua and Barbuda,1.758676621,1.745486702,1.74859938,1.73910139,1.757988354,1.763266483,1.783112832,1.784916508,1.802291428,1.803364724,1.74285929,1.73073631,1.715743658,1.669893006,1.651148867,1.672713176,1.630199253,1.646834449,1.686178398,1.704160751,1.709350908,1.691376685,1.828571322,1.854414701,1.914715053,2.039541247,2.060043096,2.093501093,2.090438263,2.057257559,2.059665893,,,,,,,,,,,,,,,,,,,,
Australia,1.365519,1.348412001,1.328550001,1.312794001,1.301014,1.310865001,1.312182,1.308112001,1.300300001,1.29695,1.311473,1.326806,1.33649,1.353924001,1.366397,1.388355999,1.404001,1.427582,1.479073001,1.441497001,1.502766,1.511051999,1.540114999,1.447123,1.452489001,1.473691001,1.450156,1.477553001,1.472427,1.474643,1.471741,,,,,,,,,,,,,,,,,,,,
Austria,0.922246,0.924566,0.935415,0.938959,0.94254,0.939929,0.936118,0.931829,0.922801,0.923906,0.907226,0.922769,0.899797,0.889084,0.878806,0.881939,0.861176,0.869233,0.854424,0.843111,0.841548,0.831374,0.813648,0.797081,0.798797,0.798813,0.776931,0.775009,0.764069,0.763387,0.764401,,,,,,,,,,,,,,,,,,,,
Azerbaijan,7.63E-06,1.36E-05,0.000154566,0.001279059,0.018610279,0.117690677,0.146108281,0.156906661,0.153662794,0.154750905,0.170277084,0.170812916,0.175239754,0.184021553,0.195776447,0.21781672,0.235370785,0.276391295,0.346952129,0.279253069,0.314204734,0.383509785,0.369043291,0.359447956,0.35480395,0.377257109,0.430901468,0.505471647,0.553764715,0.542844829,0.495733279,,,,,,,,,,,,,,,,,,,,
Burundi,71.1482524,71.63783578,73.82513027,77.70021656,81.12595689,92.25499909,103.6901241,134.9562634,148.7354438,168.5441076,186.5851961,207.6239084,206.4917709,226.944174,250.0468213,288.1829431,287.6778928,303.3303243,369.5950421,405.1614325,434.7831758,461.509209,527.053109,539.3112025,547.0995245,570.658997,585.8931003,654.8960025,621.308264,615.4304413,680.4128201,,,,,,,,,,,,,,,,,,,,
Belgium,0.915381,0.910908,0.921111,0.935723,0.935347,0.927321,0.929897,0.927803,0.935637,0.931348,0.899723,0.892244,0.8733,0.877016,0.889063,0.891788,0.87544,0.880041,0.86694,0.849484,0.835934,0.831911,0.822137,0.806166,0.800214,0.799998,0.781011,0.775634,0.765017,0.757838,0.75128,,,,,,,,,,,,,,,,,,,,
Benin,86.07063042,83.88506639,84.49709064,84.50455949,110.4582415,124.5257437,130.7333264,133.2305682,138.6402415,202.7353458,206.9107786,206.4589868,210.4678722,212.9569844,208.9702136,211.3589812,209.4471997,204.7638305,213.7803223,217.5512045,216.9396925,220.4335752,234.0041765,231.4771949,225.0442268,220.5238942,214.4338881,216.7735939,212.9395712,208.5402226,211.9744359,,,,,,,,,,,,,,,,,,,,
Burkina Faso,162.4394771,150.891444,147.86438,142.359515,159.7873933,167.1005153,164.6680629,164.3958125,175.4743378,203.0590027,196.9907302,200.3989944,203.3093062,202.5660664,197.4343407,198.6299302,191.5176452,191.1559775,204.6840722,208.0219072,213.397751,223.1158259,238.9786626,231.0792324,231.3259255,225.4159149,215.1966725,208.7571974,208.0071954,203.0663011,209.844696,,,,,,,,,,,,,,,,,,,,
Bangladesh,13.54189366,13.4564594,13.49635727,13.20449514,13.44119353,14.10578413,14.43871662,14.73336072,15.2594161,15.61098841,15.79593198,15.9609707,16.32410159,16.95854499,17.26734344,17.51374308,17.99817786,18.66158445,19.74450843,20.92060888,22.15712999,23.40955539,23.78735173,24.96619826,25.81887799,27.28372931,28.49883065,29.73817441,30.66644252,31.47202134,32.80880906,,,,,,,,,,,,,,,,,,,,
Bulgaria,0.000691143,0.002183018,0.00340601,0.005027071,0.008500484,0.019646785,0.038280397,0.39832269,0.518766694,0.525165651,0.535800163,0.555721047,0.558289278,0.560403672,0.580729354,0.596499288,0.619052887,0.657230263,0.677681308,0.692689165,0.67642103,0.701074892,0.692813663,0.680007503,0.661227941,0.678701287,0.666665741,0.676280533,0.681836057,0.698548525,0.702638963,,,,,,,,,,,,,,,,,,,,
Bahrain,0.119323778,0.113247717,0.106812901,0.101183617,0.10633101,0.105283119,0.103593407,0.102786167,0.094468859,0.095598113,0.121551944,0.11494198,0.117015591,0.124764948,0.134847586,0.148735823,0.157132542,0.165930315,0.181262651,0.156516287,0.166225912,0.178678498,0.175509304,0.180676997,0.1838682,0.1867311,0.189881027,0.187117711,0.190671886,0.187683144,0.17674733,,,,,,,,,,,,,,,,,,,,
"Bahamas, The",1.026741955,1.018546274,1.034745363,1.002184934,1.002655809,0.989944017,0.981712028,0.983673859,1.002385984,0.990332007,0.977607882,0.960011308,0.982494349,0.975717046,0.96148796,0.9795951,0.958693504,0.961130643,0.95682522,0.93974843,0.92528002,0.898563445,0.91523546,0.903084576,0.904266655,0.936313272,0.924120188,0.901406765,0.890766978,0.901577026,0.881503545,,,,,,,,,,,,,,,,,,,,
Bosnia and Herzegovina,,,,,0.659406539,0.703006237,0.572611435,0.636147008,0.619115367,0.66129911,0.684955745,0.704196041,0.715735982,0.717488885,0.714973017,0.723431435,0.719422182,0.731969993,0.752858794,0.734656677,0.731688447,0.718162098,0.705937888,0.686155378,0.687203279,0.694093036,0.675567653,0.680665142,0.67451556,0.674724448,0.663356494,,,,,,,,,,,,,,,,,,,,
Belarus,8.13E-09,1.65E-08,1.83E-07,2.07E-06,4.13E-05,0.000309008,0.000466448,0.000787084,0.001374368,0.005646749,0.015757401,0.027682782,0.039486042,0.050661626,0.060519888,0.069826756,0.075060676,0.082506654,0.098101039,0.106372948,0.11701939,0.196053222,0.320173144,0.373921454,0.448664755,0.525160432,0.563757062,0.609042823,0.666962294,0.711792768,0.77431014,,,,,,,,,,,,,,,,,,,,
Belize,1.317656985,1.234021604,1.255463031,1.246661051,1.264489151,1.313478044,1.315217205,1.273809214,1.278315418,1.231702827,1.210504506,1.180894198,1.182632055,1.128957931,1.121438143,1.118785867,1.137444621,1.157582675,1.166010103,1.125600397,1.129282898,1.151228309,1.23902154,1.264288425,1.312484026,1.318525077,1.342274308,1.375065088,1.345150583,1.343848549,1.374116305,,,,,,,,,,,,,,,,,,,,
Bermuda,0.872521829,0.898253405,0.902951745,0.92788761,0.92629039,0.945176343,1.200738623,1.2278817,1.247503795,1.263101284,1.183142956,1.141896761,1.220570027,1.232165466,1.256161884,1.300595461,1.330274258,1.380650274,1.423497607,1.427470665,1.44258238,1.396796823,1.459248186,1.441759466,1.431727291,1.419243693,1.39972508,1.366415857,1.355566858,1.373367092,,,,,,,,,,,,,,,,,,,,,
Bolivia,0.947327699,1.078434611,1.193578865,1.242407614,1.313165349,1.433173282,1.570383492,1.631835319,1.727455289,1.743934942,1.794425552,1.788748118,1.810565526,1.890073696,1.987170442,2.041628624,2.252427155,2.355238343,2.550136428,2.469598794,2.65542569,2.980911966,3.045481924,3.033396718,3.017755505,2.940697673,2.834712032,2.748943567,2.766534612,2.699178021,2.5956251,,,,,,,,,,,,,,,,,,,,
Brazil,1.16E-05,5.75E-05,0.000600851,0.012333746,0.290164164,0.538560948,0.626496027,0.663477112,0.68840103,0.732962857,0.757127833,0.801815096,0.866669186,0.970763721,1.018595172,1.061232495,1.099839888,1.14003449,1.216451437,1.295539855,1.388488194,1.473216414,1.605704428,1.701276303,1.81320107,1.988814118,2.133081673,2.181556939,2.226136824,2.28071255,2.361702855,,,,,,,,,,,,,,,,,,,,
Barbados,1.619005715,1.636444062,1.633939856,1.679047673,1.680271816,1.662486353,1.67403508,1.660746518,1.785192834,1.837803718,1.773838818,1.774914366,1.763139349,1.750308829,1.80375835,1.865906091,1.88835492,1.994091415,1.988556292,1.94026023,1.991140718,2.018887044,2.122737168,2.145609856,2.173118112,2.130779507,2.118868111,2.203005076,2.211073772,2.226751871,2.237811859,,,,,,,,,,,,,,,,,,,,
Brunei Darussalam,0.441102189,0.41456723,0.412329674,0.39089833,0.349185037,0.351839631,0.361022421,0.385370374,0.3366907,0.370378996,0.467398514,0.431791051,0.426658134,0.444450092,0.501553288,0.577681919,0.617052518,0.607643275,0.671704263,0.519355966,0.599047159,0.705206811,0.676012278,0.668107867,0.649697363,0.685113609,0.666354418,0.646853626,0.689913655,0.655203363,0.577129625,,,,,,,,,,,,,,,,,,,,
Bhutan,6.084700886,6.411915946,6.82845554,7.238297193,7.961583956,8.444093594,8.964980375,9.950493707,10.89223088,11.3997201,11.97003493,12.34079602,12.72632772,12.87739044,13.00438499,13.35597367,13.66627943,13.70183543,14.18103113,14.7431274,15.42647881,16.39680477,17.14760791,18.13540276,18.67707059,18.58677466,18.83104694,19.2083398,19.08797903,18.9357169,20.10600125,,,,,,,,,,,,,,,,,,,,
Botswana,0.9645637,0.981320161,1.023155974,1.130054089,1.211137823,1.271144547,1.449414613,1.495953139,1.626749445,1.831871987,2.045734096,2.168233808,2.159815617,2.189543912,2.347036221,2.628292966,2.74173814,2.801581917,2.878096974,3.04091234,3.274011336,3.654658084,3.963786843,4.125849245,4.284429551,4.430125236,4.575057036,4.733849535,4.676811556,4.627071052,4.543652554,,,,,,,,,,,,,,,,,,,,
Central African Republic,219.9345607,211.9109194,212.9546262,200.884333,244.7000418,263.3974478,249.496765,247.2868919,243.5218322,249.8615143,265.1880488,260.601463,250.4586524,249.1783344,231.8728743,234.2867947,234.9868654,233.0461816,244.7777883,244.6545429,252.0210196,256.7613611,262.1289696,254.3471747,290.9452316,283.523781,280.0477986,286.8291496,276.6751504,278.295717,280.1894305,,,,,,,,,,,,,,,,,,,,
Canada,1.241965,1.237997999,1.228098,1.215102,1.20701,1.208840999,1.207821,1.200974,1.185448,1.19081,1.227562999,1.221138999,1.229333001,1.226338,1.233195,1.213644,1.205778,1.212706,1.23439,1.201369,1.221371,1.239904,1.244607,1.224,1.230358,1.248042,1.207045,1.212304,1.198165001,1.213289001,1.206376001,,,,,,,,,,,,,,,,,,,,
Central Europe and the Baltics,,,,,,,,,,,,,,,,,,,,,,,,,,,,,,,,,,,,,,,,,,,,,,,,,,,
Switzerland,1.936289001,1.974260001,1.971282001,1.970372001,1.952026002,1.926041,1.891189,1.844334002,1.827662999,1.802835999,1.788109001,1.768378999,1.709759999,1.717017999,1.693208999,1.686548001,1.600988999,1.533994,1.493048999,1.46898,1.464944,1.397498001,1.354072,1.312476999,1.281760999,1.235787999,1.201964,1.187726,1.17868,1.159406001,1.139488,,,,,,,,,,,,,,,,,,,,
Channel Islands,,,,,,,,,,,,,,,,,,,,,,,,,,,,,,,,,,,,,,,,,,,,,,,,,,,
Chile,168.5994628,197.6885074,216.0356805,233.4894911,257.4139066,275.6340341,275.2972729,278.9163764,278.6874601,280.9830924,286.5797566,291.2558866,296.446408,304.3677688,319.6533423,333.690048,318.5747222,323.878982,340.4008492,354.3258402,359.8370082,348.0168607,347.2284916,349.6805493,367.2139624,391.1789155,397.2507073,397.6894244,411.8227729,398.922749,418.4322765,,,,,,,,,,,,,,,,,,,,
China,1.692147956,1.746698771,1.847652733,2.078977957,2.455173359,2.733375624,2.858881997,2.855851743,2.798642599,2.72396538,2.71936444,2.715469387,2.689281147,2.708979584,2.821350893,2.842933478,2.867777839,3.009186493,3.181871397,3.151181294,3.329232163,3.524467708,3.560967923,3.663644787,3.75884986,3.870697253,3.988837239,4.183811193,4.228703652,4.208026535,4.185601824,,,,,,,,,,,,,,,,,,,,
Cote d'Ivoire,120.0054482,116.8500862,114.2192843,118.4423364,169.7581032,184.6343593,190.3494721,198.727508,203.6678129,202.3475145,202.3679888,212.6712056,223.3182683,229.7727065,217.2811995,213.4595192,210.8029781,211.3097634,224.9019034,228.4360378,237.9676421,236.9105724,241.7153864,247.2415874,246.5193319,250.6382503,252.410839,253.7456023,249.3691584,245.4868471,245.2539077,,,,,,,,,,,,,,,,,,,,
Cameroon,153.3979016,153.6753142,148.3315079,202.5684053,217.4103514,223.5771994,221.912334,230.3428308,237.5925037,231.588323,238.3372639,236.6283116,237.2337407,233.3644408,231.7596467,226.4418914,227.1726164,223.3486439,233.5748419,235.6213264,237.3554802,238.707067,242.1939673,241.0830027,239.1193521,240.7082407,237.4437377,232.8013899,230.9789952,232.6553678,228.7506645,,,,,,,,,,,,,,,,,,,,
"Congo, Dem. Rep.",7.35E-10,1.73E-08,6.67E-07,1.15E-05,0.003018796,0.016747515,0.121405315,0.349261323,0.438401872,2.341898261,62.53866062,105.9062541,137.3269474,152.9102958,158.3798125,199.4736688,219.4140635,256.9890749,303.675752,399.8021779,477.3440577,532.0634752,583.2546426,558.9065106,530.0175436,508.5955186,494.1268088,645.3907163,812.8396146,836.156756,911.2705024,,,,,,,,,,,,,,,,,,,,
"Congo, Rep.",101.6095873,96.83055205,93.18736961,90.00119162,120.5059273,122.0392515,141.4072539,145.9113594,117.9952002,150.4607409,216.400051,182.2679528,176.309659,165.7359214,188.5163032,221.8163968,239.8028629,249.2697642,284.2941148,222.4269044,284.5440779,309.2512193,316.1163713,316.1519502,314.8050617,311.9990465,316.625231,297.6739756,358.7369303,345.1087904,312.0384756,,,,,,,,,,,,,,,,,,,,
Colombia,174.1783095,213.9802269,256.6291808,312.9649486,374.1296808,435.5245152,499.8383023,574.1104876,651.5901732,723.3958516,786.4961753,819.7823314,855.1810718,896.9253399,937.021826,951.9086244,977.6078913,1001.558425,1057.8753,1092.540353,1121.047327,1168.243406,1203.58524,1206.678725,1220.607765,1276.47896,1298.143266,1328.015957,1338.005649,1349.411117,1352.786402,,,,,,,,,,,,,,,,,,,,
Comoros,165.3731455,172.9508652,157.6586555,158.3725385,169.6634031,180.0066278,182.4242616,180.9895459,181.3853305,189.1946758,191.3986591,203.4537495,208.6389024,215.3057406,216.7652768,210.8811733,211.0542625,212.8190717,215.2492005,215.8119829,216.8534136,218.9776067,213.9636074,211.5000173,206.343111,203.3440333,197.5705539,190.1258881,187.8270068,188.8206827,182.3411029,,,,,,,,,,,,,,,,,,,,
Cabo Verde,56.23147349,56.99876102,53.43504516,77.96032708,54.06292914,52.13347922,54.14848902,52.78595564,52.02306786,55.18632227,53.33136789,54.87708877,53.82636562,55.44553928,50.57289481,48.164861,48.91920597,48.28993276,49.04820968,49.73566241,49.41110853,49.69546124,51.14078993,51.8552163,51.83972443,50.45266382,49.36414294,48.4771274,48.06187832,47.48478101,46.51202596,,,,,,,,,,,,,,,,,,,,
Costa Rica,33.32622152,53.11689403,62.17923675,67.07871331,75.96806485,90.20928826,101.9418183,114.9250126,127.2131753,139.2338407,148.9771675,159.9507352,172.870529,187.790747,207.2810366,227.1787063,249.1368653,268.1351895,293.0658853,319.0647574,336.2964413,344.546009,353.7848076,357.828098,363.4217466,364.1627443,343.0136355,340.9918977,342.6640761,341.441196,335.8596698,,,,,,,,,,,,,,,,,,,,
Caribbean small states,,,,,,,,,,,,,,,,,,,,,,,,,,,,,,,,,,,,,,,,,,,,,,,,,,,
Cuba,,,,,,,,,,,,,,,,,,,,,,0.321938711,,,,,,,,,,,,,,,,,,,,,,,,,,,,,
Curacao,,,,,,,,,,,1.249048851,1.244117998,1.2297669,1.226904366,1.211226839,1.222797694,1.224029638,1.227769194,1.287442825,1.300700892,1.321462041,1.324621676,1.407860398,1.413064361,1.428795933,1.423379064,1.410977722,1.367156506,1.36960833,1.38131564,,,,,,,,,,,,,,,,,,,,,
Cayman Islands,,,,,,,,,,,,,,,,,0.966275835,0.969913447,0.980403624,0.978924936,0.965652112,0.941537917,0.965750873,0.981098115,0.990836918,0.989632905,0.981255233,0.973790824,0.975594502,0.99231016,,,,,,,,,,,,,,,,,,,,,
Cyprus,0.565484956,0.568254081,0.589158109,0.603165476,0.621682936,0.691714103,0.698385137,0.702325134,0.711273829,0.720750508,0.716790382,0.71153146,0.710507594,0.737286227,0.734248569,0.722889337,0.710782761,0.695077587,0.693818424,0.681581072,0.699604471,0.698623214,0.706848738,0.68731613,0.67970867,0.663141323,0.622328385,0.615184415,0.608576175,0.608704822,0.606090326,,,,,,,,,,,,,,,,,,,,
Czech Republic,5.539974991,7.298216999,8.017367992,9.477179993,10.424254,11.17986305,12.10179893,12.90764905,13.98770092,14.22935,14.32618904,14.32010607,14.45832103,14.19064004,14.4380931,14.56249298,14.43385804,14.27610606,13.91671304,13.62840298,13.66157191,13.34530496,13.29769905,12.78527104,12.70321008,12.93798006,12.57634296,12.42498601,12.37195001,12.52600304,12.65809694,,,,,,,,,,,,,,,,,,,,
Germany,0.948976,0.946252,0.97426,0.988672,0.987862,0.986744,0.976539,0.973221,0.968747,0.954119,0.942801,0.929565,0.913257,0.896861,0.875789,0.872721,0.84871,0.83832,0.820401,0.81051,0.804426,0.788739,0.787246,0.774784,0.768937,0.778122,0.752608,0.744783,0.736689,0.742663,0.745541,,,,,,,,,,,,,,,,,,,,
Djibouti,,,,,,,,,,,,,,,,,,,,,,93.57182171,98.26959044,100.1522815,102.110856,103.3022848,106.1264575,106.0227046,104.5790458,105.2036901,105.2868973,,,,,,,,,,,,,,,,,,,,
Dominica,1.753964152,1.826391097,1.864033018,1.869685613,1.970444301,1.945105698,1.97249539,1.967075279,1.994591677,2.016074151,1.983806898,1.981689408,1.966254925,1.870190843,1.890219874,1.806571522,1.795013733,1.774714778,1.76711154,1.894109882,1.877853117,1.870429515,1.859238624,1.867176889,1.811030388,1.84115517,1.82589674,1.737537385,1.758349964,1.741054851,1.688857865,,,,,,,,,,,,,,,,,,,,
Denmark,9.14414698,9.08025902,9.024949998,8.867197989,8.817722967,8.74738298,8.728955035,8.702544968,8.662036017,8.752578028,8.667528982,8.690645002,8.561606012,8.656777971,8.466842026,8.569437989,8.298207987,8.172363983,7.944127995,7.725447007,7.585045004,7.466492026,7.564136026,7.354845973,7.328673997,7.305356982,7.079855982,6.871678995,6.769099982,6.655992009,6.597434987,,,,,,,,,,,,,,,,,,,,
Dominican Republic,3.00977564,4.607118969,4.75528805,4.876736772,5.258742682,5.647909672,5.749890846,6.186650095,6.515737258,6.669269549,6.993633779,7.2569257,7.638333174,10.0083721,14.14789319,14.51372448,15.02298983,15.46402243,16.74527765,17.19992837,17.92729364,18.97597876,20.18921453,20.88737681,21.35897048,21.15100871,20.81889326,21.61327539,21.97641504,22.13628915,22.90445849,,,,,,,,,,,,,,,,,,,,
Algeria,3.11964799,4.640725109,5.532182454,6.140426544,7.760208321,9.772924153,11.90262595,12.52014711,11.99314496,13.10593711,15.72653617,15.31614562,15.27672878,16.24767171,17.75949986,20.0002892,21.46022726,22.23538112,25.15052147,22.17427946,25.45219127,29.4758869,32.59322698,33.43034709,34.03952411,35.01082937,37.15582697,38.85575098,40.62545653,39.54971698,37.24444168,,,,,,,,,,,,,,,,,,,,
East Asia & Pacific (excluding high income),,,,,,,,,,,,,,,,,,,,,,,,,,,,,,,,,,,,,,,,,,,,,,,,,,,
Early-demographic dividend,,,,,,,,,,,,,,,,,,,,,,,,,,,,,,,,,,,,,,,,,,,,,,,,,,,
East Asia & Pacific,,,,,,,,,,,,,,,,,,,,,,,,,,,,,,,,,,,,,,,,,,,,,,,,,,,
Europe & Central Asia (excluding high income),,,,,,,,,,,,,,,,,,,,,,,,,,,,,,,,,,,,,,,,,,,,,,,,,,,
Europe & Central Asia,,,,,,,,,,,,,,,,,,,,,,,,,,,,,,,,,,,,,,,,,,,,,,,,,,,
Ecuador,0.30824764,0.318705951,0.325013832,0.325878967,0.366953382,0.378187758,0.376921787,0.396492499,0.377248451,0.274075031,0.247402089,0.310880673,0.343025603,0.372445928,0.378138703,0.395072786,0.414149205,0.430137514,0.480356462,0.479847263,0.50972863,0.527572334,0.551044822,0.542989254,0.544437647,0.553737104,0.549206555,0.534820974,0.531780736,0.525042637,0.513965669,,,,,,,,,,,,,,,,,,,,
"Egypt, Arab Rep.",0.459572144,0.516222031,0.597339972,0.632699953,0.671810266,0.73302461,0.771008165,0.832794438,0.843106303,0.838748245,0.852768468,0.850050403,0.863303997,0.905007519,0.984126299,1.013691499,1.056332193,1.158270668,1.274828741,1.406701261,1.53103427,1.674617289,1.746918083,1.875361203,2.161861418,2.296389579,2.563081741,3.266602993,3.873510469,4.323992242,4.510901227,,,,,,,,,,,,,,,,,,,,
Euro area,,,,,,,,,,,,,,,,,,,,,,,,,,,,,,,,,,,,,,,,,,,,,,,,,,,
Eritrea,,,1.061419219,1.022511811,1.222884952,1.333117722,1.427949752,1.458449747,1.573591365,1.587160567,1.940221937,2.184831778,2.498138362,2.989042844,3.632509267,3.791342351,4.099275584,4.282986366,4.876671014,6.267726737,5.19010975,6.077218007,6.390575241,6.090202563,6.07178687,5.826649011,5.809384576,5.469904359,,,,,,,,,,,,,,,,,,,,,,,
Spain,0.619435,0.640726,0.668489,0.682646,0.694306,0.713594,0.724042,0.723932,0.723853,0.73921,0.739549,0.747416,0.742312,0.760047,0.76653,0.769508,0.736983,0.7333,0.725862,0.718152,0.72637,0.714129,0.694976,0.6748,0.662359,0.66474,0.642644,0.630839,0.631944,0.626031,0.617946,,,,,,,,,,,,,,,,,,,,
Estonia,,,,0.175009,0.239324,0.30815,0.378136,0.409637,0.435437,0.462332,0.468716,0.487802,0.486245,0.486274,0.494059,0.503328,0.521489,0.551852,0.545055,0.516739,0.511706,0.5116,0.521063,0.522424,0.52689,0.53758,0.527849,0.534908,0.540106,0.545773,0.531582,,,,,,,,,,,,,,,,,,,,
Ethiopia,1.299720377,1.497133392,1.691132183,1.872976572,1.887568315,2.083717666,2.051143558,2.02054034,1.995051848,2.010370524,2.100127899,1.936776743,1.83757162,2.03441141,2.058563713,2.193530213,2.375060314,2.711228307,3.465635781,4.269910924,4.281700345,5.035502914,6.640948751,7.080699425,7.14422368,7.766684993,8.055920592,8.520854984,9.35140681,10.36893371,12.1138965,,,,,,,,,,,,,,,,,,,,
European Union,,,,,,,,,,,,,,,,,,,,,,,,,,,,,,,,,,,,,,,,,,,,,,,,,,,
Fragile and conflict affected situations,,,,,,,,,,,,,,,,,,,,,,,,,,,,,,,,,,,,,,,,,,,,,,,,,,,
Finland,1.007679,0.989452,0.975994,0.970241,0.967486,0.987427,0.994102,0.989515,0.991565,0.992037,0.983695,1.002505,0.998133,1.003035,0.974018,0.979424,0.95414,0.935952,0.912125,0.895842,0.899789,0.898068,0.908495,0.905357,0.90721,0.907748,0.880895,0.863657,0.851582,0.843984,0.840403,,,,,,,,,,,,,,,,,,,,
Fiji,0.64692264,0.66326361,0.689383062,0.722165957,0.712922178,0.706173879,0.71336808,0.724347702,0.76963439,0.809753549,0.754663885,0.762432334,0.775076906,0.819559372,0.815583341,0.843505656,0.849405044,0.852202396,0.853982845,0.859308206,0.885338682,0.948667109,0.929741383,0.934711635,0.932411849,0.910992801,0.937128186,0.939006925,0.93006484,0.935447875,0.912566868,,,,,,,,,,,,,,,,,,,,
France,1.027381,1.019087,1.015979,1.008578,0.996625,0.987135,0.983624,0.969551,0.961614,0.952721,0.929965,0.911554,0.900678,0.930853,0.935902,0.916458,0.895886,0.889851,0.881874,0.862331,0.85398,0.841361,0.844301,0.811643,0.807565,0.808694,0.780044,0.770109,0.755451,0.730512,0.731532,,,,,,,,,,,,,,,,,,,,
Faroe Islands,,,,,,,,,,,,,,,,,,,,,,,,,,,,,,,,,,,,,,,,,,,,,,,,,,,
"Micronesia, Fed. Sts.",0.863185408,0.877543328,0.883992484,0.889544492,0.893722009,0.895043255,0.895382297,0.885936054,0.902281229,0.88246095,0.872477856,0.863218252,0.850577141,0.832028414,0.818263611,0.810185737,0.797277211,0.801067548,0.825111303,0.862773281,0.883563145,0.87929396,0.924196979,0.914042919,0.924579484,0.867769962,0.89352064,0.942555623,1.006852755,0.992365227,,,,,,,,,,,,,,,,,,,,,
Gabon,146.6309845,125.7134395,123.175251,119.7113902,171.7708076,170.496007,190.1383599,188.6844074,153.3977369,180.2345753,225.8132551,207.1504181,205.6699926,201.481737,211.435086,246.2512556,262.6046972,266.5559926,315.0164895,256.1260878,295.1128718,325.7325807,326.2744934,316.4349677,310.4154632,297.0107943,289.7207932,279.7657465,292.7109985,292.0478012,265.4585824,,,,,,,,,,,,,,,,,,,,
United Kingdom,0.632935,0.65153,0.658168,0.660507,0.65571,0.714632,0.714617,0.708919,0.720742,0.725819,0.704306,0.694382,0.689877,0.696596,0.68841,0.707619,0.69742,0.7101,0.701691,0.709551,0.701707,0.706052,0.701634,0.695248,0.698444,0.692551,0.688603,0.684601,0.683551,0.683982,0.699569,,,,,,,,,,,,,,,,,,,,
Georgia,5.46E-07,8.55E-07,1.18E-05,0.001790888,0.107689494,0.277116686,0.389242661,0.407656594,0.431082998,0.466281178,0.477431708,0.492301143,0.513322204,0.521221015,0.550352849,0.576087597,0.606410031,0.6464369,0.694948625,0.674958899,0.761852897,0.811295331,0.743100882,0.724774063,0.722901881,0.753516793,0.747672737,0.80457169,0.819972553,0.847420989,0.895038861,,,,,,,,,,,,,,,,,,,,
Ghana,0.016839539,0.019553171,0.021249118,0.027349265,0.034845227,0.048820781,0.067042312,0.078729906,0.0911265,0.10237977,0.127409688,0.168084317,0.203224254,0.256789741,0.28594131,0.318798377,0.349006762,0.403188583,0.472262453,0.542116946,0.624804214,0.697181165,0.766061068,0.883554935,1.046781182,1.265835881,1.54423666,1.763949633,1.897553201,2.050152457,2.328282051,,,,,,,,,,,,,,,,,,,,
Gibraltar,,,,,,,,,,,,,,,,,,,,,,,,,,,,,,,,,,,,,,,,,,,,,,,,,,,
Guinea,457.6992101,557.0335512,687.4231805,676.0374471,671.3554129,696.7014669,694.7508103,692.7688099,707.8338091,727.2584466,756.1728278,752.9094303,744.3932302,847.1001222,961.1780198,1187.463708,1585.771192,1754.601442,2008.641174,2028.74735,2328.29955,2485.898739,2789.937254,2932.74913,3059.938067,3164.997658,3159.338055,3216.033858,3362.327807,3632.031613,4053.637735,,,,,,,,,,,,,,,,,,,,
"Gambia, The",2.359844237,2.471113993,2.588077398,2.658184831,2.700920139,2.750295314,2.779482813,2.837419927,2.87647848,2.958622572,2.95808743,3.332432666,3.808836768,4.763654974,9.008031759,9.095291533,8.943182673,9.093725748,9.141066539,9.481349782,9.901135479,10.14197158,10.83116345,11.87320237,12.50587933,13.58817577,14.48261453,15.2860757,15.96540131,16.80677946,17.79265813,,,,,,,,,,,,,,,,,,,,
Guinea-Bissau,14.5500964,23.62969396,38.11592234,55.50021259,66.97358428,94.94016396,129.8118157,171.175486,182.938631,202.5270926,204.5581279,213.7172721,214.1697261,199.7268137,191.7935381,196.7887616,186.6673934,189.7482079,209.3475787,202.6565436,206.2625433,230.3917605,232.1931104,229.7442533,223.3036072,223.3507391,224.4070493,222.7486019,228.9459056,217.2427292,214.862882,,,,,,,,,,,,,,,,,,,,
Equatorial Guinea,139.875086,140.1055695,115.8558591,110.1265189,134.2693699,141.6129918,140.2086613,119.7108886,81.01126032,111.1288547,159.3110371,137.2290652,132.9538476,131.3594733,149.5625893,206.8008528,226.7734649,227.5494584,267.4922548,210.1707511,259.493303,297.5095181,295.037992,289.6785784,284.1852877,277.4635503,267.9431478,248.9343122,266.2255132,255.8113954,229.1628521,,,,,,,,,,,,,,,,,,,,
Greece,0.336309,0.389679,0.437379,0.488904,0.532208,0.57232,0.602871,0.627391,0.647942,0.67328,0.669482,0.668361,0.662967,0.685789,0.69509,0.708976,0.693383,0.71919,0.707951,0.703914,0.721426,0.713163,0.684663,0.631286,0.611135,0.60907,0.58858,0.575041,0.564183,0.554176,0.543695,,,,,,,,,,,,,,,,,,,,
Grenada,1.650968583,1.70347919,1.732337251,1.724115396,1.741931005,1.758247304,1.772786471,1.773837622,1.78457887,1.778908784,1.78685943,1.78599832,1.764730991,1.731220464,1.720076019,1.709646955,1.736303747,1.730100996,1.830273406,1.816246063,1.803938325,1.770994783,1.800373794,1.769275189,1.732787372,1.735502125,1.730124235,1.690312862,1.645603927,1.643260783,1.644505162,,,,,,,,,,,,,,,,,,,,
Greenland,,,,,,,,,,,,,,,,,,,,,,,,,,,,,,,,,,,,,,,,,,,,,,,,,,,
Guatemala,1.000888593,1.287395556,1.370249892,1.532682216,1.676546862,1.784449993,1.908324121,2.0308806,2.199112255,2.277104852,2.379441911,2.505149698,2.625680177,2.693067671,2.780438951,2.849292519,2.90336355,3.028591628,3.250283836,3.341823358,3.473042331,3.636532543,3.647882229,3.716833597,3.766833305,3.731572149,3.857656711,3.932594064,3.886072842,3.958439739,4.014520505,,,,,,,,,,,,,,,,,,,,
Guam,,,,,,,,,,,,,,,,,,,,,,,,,,,,,,,,,,,,,,,,,,,,,,,,,,,
Guyana,17.23949842,39.11049285,42.56035793,48.6227083,55.49561413,61.06974281,62.32887607,62.15661578,63.29037815,69.38378663,72.33637223,71.01168717,71.73660328,73.75189847,76.68426443,80.04381278,82.06467501,90.06151382,96.92706316,97.05373963,100.0915838,100.2694742,104.8881661,102.2783421,101.928622,102.8383276,106.2298044,105.3527854,99.91180785,101.0661979,73.59832361,,,,,,,,,,,,,,,,,,,,
High income,,,,,,,,,,,,,,,,,,,,,,,,,,,,,,,,,,,,,,,,,,,,,,,,,,,
"Hong Kong SAR, China",5.749772753,6.070050913,6.522306117,6.92011663,7.203726263,7.347858565,7.640288903,7.94341707,7.950826997,7.516661469,7.102748127,6.826997986,6.492065129,5.990788504,5.624251412,5.446165568,5.257923521,5.281025689,5.24664689,5.187404103,5.141532481,5.232639325,5.454227909,5.547578815,5.706450464,5.831053255,5.932289137,6.011433121,6.085199857,6.100863068,6.066131019,,,,,,,,,,,,,,,,,,,,
Honduras,1.967922923,2.403872227,2.4366653,2.639924513,3.136281263,3.800331481,4.410981309,5.046099958,5.503850579,5.83653913,6.260248104,6.621119106,6.852520311,7.115074049,7.375571436,7.67342852,7.846406098,8.147408188,8.61456841,9.203739745,9.523142088,10.05656142,10.37037945,10.33155062,10.39820098,10.47443393,10.3925352,10.36155893,10.31564427,10.55295344,10.90984734,,,,,,,,,,,,,,,,,,,,
Heavily indebted poor countries (HIPC),,,,,,,,,,,,,,,,,,,,,,,,,,,,,,,,,,,,,,,,,,,,,,,,,,,
Croatia,,,,,,3.190855203,3.259312425,3.425085998,3.654304758,3.746346479,3.785358442,3.872182508,3.879351185,3.988116657,4.011406386,4.093491548,3.919320306,3.870232333,3.872411417,3.839750118,3.870556919,3.752640639,3.664122979,3.575117045,3.54347374,3.512382548,3.382018413,3.324660248,3.301552643,3.272160018,3.208765361,,,,,,,,,,,,,,,,,,,,
Haiti,1.858773173,2.060658313,2.435990192,2.815951227,4.320557527,4.907365261,5.299909981,5.873152958,6.630017565,6.99520378,7.598739618,8.395954067,8.929557826,10.37469508,12.05073896,13.00725701,13.86472095,14.51102869,15.84494592,17.06250163,17.97635078,18.49496279,20.12858786,20.9299429,21.59558085,23.23226562,25.26046954,28.49839614,30.64271971,35.3536007,40.20003861,,,,,,,,,,,,,,,,,,,,
Hungary,,30.14760569,35.81589798,42.43164199,49.6419771,61.62058187,74.03912761,87.41276316,97.82634747,104.5458851,110.0387347,114.3907446,118.1412785,122.1380759,128.4884782,130.9299483,131.6666443,134.2297374,131.0053508,127.5963627,126.3141727,124.2718292,125.6236113,124.9794253,129.4149757,132.5535122,132.0338038,136.0365242,139.311564,143.2321246,148.0132478,,,,,,,,,,,,,,,,,,,,
IBRD only,,,,,,,,,,,,,,,,,,,,,,,,,,,,,,,,,,,,,,,,,,,,,,,,,,,
IDA & IBRD total,,,,,,,,,,,,,,,,,,,,,,,,,,,,,,,,,,,,,,,,,,,,,,,,,,,
IDA total,,,,,,,,,,,,,,,,,,,,,,,,,,,,,,,,,,,,,,,,,,,,,,,,,,,
IDA blend,,,,,,,,,,,,,,,,,,,,,,,,,,,,,,,,,,,,,,,,,,,,,,,,,,,
Indonesia,349.823549,368.0462266,386.0743,449.3707461,474.1905212,510.3491145,544.6566729,602.7342436,1044.661363,1175.624139,1385.047306,1549.071487,1614.861897,1672.419791,1767.827658,1960.134779,2170.576961,2351.779121,2725.605152,2928.815148,3336.992902,3512.75305,3569.898615,3765.669894,4030.779029,4353.334001,4518.099507,4695.651357,4760.657923,4751.925718,4673.639737,,,,,,,,,,,,,,,,,,,,
IDA only,,,,,,,,,,,,,,,,,,,,,,,,,,,,,,,,,,,,,,,,,,,,,,,,,,,
Isle of Man,,,,,,,,,,,,,,,,,,,,,,,,,,,,,,,,,,,,,,,,,,,,,,,,,,,
India,5.489941573,6.040629114,6.43552107,6.906542824,7.437010566,7.944423546,8.392544976,8.784588262,9.38264495,9.532905186,9.664333068,9.761000631,9.966049258,10.1627834,10.4629596,10.71733824,11.27644675,11.74405238,12.57911667,13.36286062,14.59932084,15.54954921,16.16083522,17.3423251,18.38654906,19.23500241,19.89872742,20.6477927,20.9172341,21.28320531,21.98955852,,,,,,,,,,,,,,,,,,,,
Not classified,,,,,,,,,,,,,,,,,,,,,,,,,,,,,,,,,,,,,,,,,,,,,,,,,,,
Ireland,0.785697,0.773686,0.77772,0.799042,0.795593,0.802896,0.809337,0.83474,0.863389,0.913882,0.943538,0.969212,0.981997,1.004971,0.991974,1.011707,0.979542,0.958956,0.944447,0.900621,0.848854,0.831513,0.823072,0.811228,0.819041,0.809686,0.794289,0.794405,0.791185,0.806851,0.783858,,,,,,,,,,,,,,,,,,,,
"Iran, Islamic Rep.",93.57746071,114.0271138,144.8089188,206.7944381,270.5550843,365.9503676,468.0659655,536.0881114,579.3202372,760.1106113,929.158192,1059.751997,1348.152223,1496.441462,1816.438038,2116.809798,2354.248477,2818.576675,3301.779329,3427.474637,3926.110599,4758.868151,6093.548151,8503.83523,9758.572906,1.07E+04,1.18E+04,1.31E+04,1.70E+04,2.28E+04,3.00E+04,,,,,,,,,,,,,,,,,,,,
Iraq,,0.885995464,1.771496727,3.711355378,18.03937013,69.85705221,59.99554953,112.9431749,93.97185581,158.5419468,193.2431004,152.8898397,162.7932456,181.9746469,207.88184,273.892236,327.1109204,364.5603584,465.5131561,371.8049868,428.4824267,523.3401873,525.7377546,531.1280895,557.2794065,560.5164374,570.4848265,560.7606606,616.5786912,607.3651528,507.5758229,,,,,,,,,,,,,,,,,,,,
Iceland,67.45891314,70.71081624,71.51996373,71.14448641,71.47047865,72.10102161,74.30317553,73.69011582,76.66586295,79.24659313,84.6967104,88.28279026,91.1054148,92.70374266,93.36410863,95.84066834,101.7688857,107.4913171,114.5270063,121.8862036,132.7795188,135.1520109,136.96767,137.0226217,138.5478687,141.9749309,140.029958,138.2771661,138.2964232,140.567262,145.342056,,,,,,,,,,,,,,,,,,,,
Israel,1.684587,1.957492,2.144654,2.327360002,2.564403,2.739532001,2.974476001,3.166872998,3.346806001,3.504641003,3.441656003,3.427429996,3.462675997,3.628858998,3.537656999,3.716937004,3.788173003,3.725704,3.867205006,3.965030006,3.981340999,3.944762999,3.955357994,3.839565993,3.940387004,3.923924998,3.788510996,3.751632997,3.711752998,3.703982998,3.586795994,,,,,,,,,,,,,,,,,,,,
Italy,0.693124,0.72128,0.736014,0.746918,0.757208,0.778185,0.799648,0.804486,0.799865,0.806447,0.805011,0.816163,0.823489,0.834324,0.85257,0.855139,0.823944,0.810364,0.783694,0.770755,0.772539,0.758687,0.747731,0.737299,0.739644,0.738694,0.700544,0.689895,0.679906,0.668535,0.662828,,,,,,,,,,,,,,,,,,,,
Jamaica,2.742597948,4.062396938,6.356429554,9.488228396,12.17967278,14.93420393,17.43339219,18.78459465,20.1234323,21.20896532,22.94152362,24.20180452,25.9891726,28.48124474,31.30084823,33.83666958,35.74877307,38.75476296,43.16517634,47.83208032,51.91952722,53.80494588,56.47526784,59.33433521,62.75979417,65.29521895,65.90369519,67.58184195,69.29265984,70.24394246,72.03116875,,,,,,,,,,,,,,,,,,,,
Jordan,0.176416666,0.17992775,0.187785883,0.188867871,0.197659263,0.197198312,0.197644532,0.196699377,0.206180831,0.202465915,0.197230593,0.194501325,0.193239758,0.193792049,0.194546282,0.19245518,0.206700331,0.211458744,0.256396569,0.262501613,0.280437269,0.290935189,0.302131802,0.308029383,0.319498181,0.312373638,0.313839644,0.30033043,0.29830717,0.297971523,0.293633835,,,,,,,,,,,,,,,,,,,,
Japan,187.7105173,186.8863703,185.767601,182.4995355,179.1583963,174.5427939,170.553321,168.5069309,166.5562676,162.0357393,154.7178581,149.7248731,143.7741963,139.5160912,134.363074,129.5519536,124.536832,120.3941995,116.8458127,115.1500636,111.6665904,107.4542865,104.2739711,101.3026713,103.0520726,103.4694336,105.5195036,105.1018984,103.70648,103.6254933,102.8354405,,,,,,,,,,,,,,,,,,,,
Kazakhstan,0.000685597,0.001302177,0.020016874,0.262695039,4.23542724,10.82281384,14.76254186,16.85395739,17.61016501,19.66489717,22.58685793,24.34684713,25.35863577,27.81874474,31.45940659,35.96251052,42.42905491,47.73476806,56.62729956,58.83520301,69.52283144,82.09009256,83.83247187,86.2350865,92.81367821,100.3497993,110.8245435,121.253465,129.310852,136.7404869,139.910351,,,,,,,,,,,,,,,,,,,,
Kenya,8.363048709,9.103253019,10.58235392,12.99399431,14.88720789,16.2176552,17.3779016,19.0368326,20.12978761,20.67550471,21.45296836,21.32275088,21.18661394,22.08939379,23.04329529,23.44212762,24.52531859,25.82535978,29.17079506,32.31910384,32.615068,35.39612136,37.97868332,37.66785361,38.28925742,39.04047721,39.38495664,40.1849359,40.1933703,41.05260016,43.9510036,,,,,,,,,,,,,,,,,,,,
Kyrgyz Republic,0.003827767,0.008692548,0.079049055,0.659785067,1.814425979,2.524122394,3.354793342,3.934738506,4.24414592,5.755758155,7.159082641,7.519129813,7.551960319,7.708955062,7.890356926,8.197483745,8.703960445,9.737240279,11.67340134,12.0525757,13.10916504,15.72780801,15.3034335,15.36494258,16.0363656,17.1459732,16.73733532,16.95872301,17.13202882,17.49630377,18.28261924,,,,,,,,,,,,,,,,,,,,
Cambodia,,,,604.6793718,947.0539991,1001.851421,1013.671386,1056.327614,1152.765658,1150.693696,1077.323841,1082.101181,1072.847412,1072.220483,1094.47509,1125.911848,1143.45043,1186.118617,1306.059332,1328.63881,1354.31804,1371.236128,1336.791166,1340.06762,1386.035965,1395.92084,1402.131239,1428.353095,1438.269474,1458.761541,1400.091566,,,,,,,,,,,,,,,,,,,,
Kiribati,0.558417054,0.646062344,0.667235089,0.68593792,0.717623684,0.712257168,0.769241637,0.796308895,0.844557499,0.869936433,0.868222778,0.906868195,0.936912443,0.944107431,0.935055711,0.911452648,0.882419897,0.912177317,0.969189885,0.963492403,0.963619596,0.961621382,0.939796579,0.924841984,0.950775679,0.974612548,0.966167626,0.957473317,0.984778281,1.006203877,1.004180672,,,,,,,,,,,,,,,,,,,,
St. Kitts and Nevis,1.432696715,1.433493055,1.475797616,1.470342014,1.529894553,1.510214719,1.492637278,1.539456461,1.564950203,1.585563726,1.578929417,1.605852894,1.635798224,1.632783743,1.651019798,1.575146209,1.745495854,1.807347793,1.820737627,1.874742977,1.895193754,1.961193919,2.016147377,2.033647061,2.034985541,2.034913301,2.037616491,2.039764403,1.962280814,1.952395025,1.918640097,,,,,,,,,,,,,,,,,,,,
South Korea,560.1048516,591.3076591,623.0991581,646.7481181,684.8906949,717.9472452,734.0198376,750.4639744,775.3272269,754.8930279,747.714983,757.1174721,769.7719781,791.6966852,795.0553915,788.9204019,772.4805354,770.4712279,785.7181582,827.8173107,840.6830045,854.5854491,854.8871763,869.0815546,871.8783486,857.4836456,858.8099299,872.6247155,865.7214143,868.5705153,861.8237915,,,,,,,,,,,,,,,,,,,,
Kuwait,,,0.098457588,0.089074668,0.082092574,0.084306709,0.095631832,0.08957778,0.073383766,0.085425048,0.100704506,0.090936786,0.094129568,0.096960702,0.105155358,0.12418059,0.140030872,0.142241505,0.165567451,0.136107636,0.149478347,0.171689406,0.175966188,0.179435596,0.178934097,0.190294787,0.186951458,0.177483991,0.195132623,0.189148032,,,,,,,,,,,,,,,,,,,,,
Latin America & Caribbean (excluding high income),,,,,,,,,,,,,,,,,,,,,,,,,,,,,,,,,,,,,,,,,,,,,,,,,,,
Lao PDR,140.241774,153.2510447,158.817357,172.4904621,181.8892178,213.2238443,238.1290297,279.3958679,509.760382,1145.580351,1398.397995,1489.733502,1559.198884,1736.659847,1871.923027,1972.227098,2121.138203,2219.297681,2369.90973,2283.016413,2464.26204,2666.531562,2615.521025,2712.931187,2738.368097,2819.72908,2759.427584,2789.112421,2776.00422,2783.050112,2889.355038,,,,,,,,,,,,,,,,,,,,
Lebanon,183.3363064,261.851257,505.4638111,615.9376326,650.543171,705.2275699,704.5835981,772.6178068,794.7160916,789.7733824,756.3741541,728.8512866,752.8119408,750.7732965,722.064411,692.8139261,678.3860111,681.3367555,718.6845772,786.6013473,782.0399826,788.7517688,808.920124,798.52624,771.1146617,764.8212804,742.686028,734.7759925,756.7084092,777.0213044,1414.911469,,,,,,,,,,,,,,,,,,,,
Liberia,,,,,,,,,,,0.308871284,0.30441806,0.295504166,0.335117812,0.381346252,0.371638563,0.393673941,0.429448094,0.494242105,0.477147142,0.502365158,0.545838708,0.560399265,0.539034882,0.521862499,0.549791635,0.518197656,0.460993551,0.441843103,0.417882233,0.408399452,,,,,,,,,,,,,,,,,,,,
Libya,,,,,,,,,,0.182948587,0.202760753,0.212664313,0.266395723,0.299102462,0.357101695,0.445251105,0.473059237,0.511452137,0.611211003,0.453042638,0.511241074,0.592176242,0.676705556,0.663322637,0.575297949,0.490304619,0.505056908,0.606110228,0.699172495,0.679329193,0.476814861,,,,,,,,,,,,,,,,,,,,
St. Lucia,1.629377316,1.662483857,1.653808477,1.631757582,1.638840493,1.686487331,1.649487023,1.668123394,1.689645456,1.704448097,1.733931424,1.68123881,1.661873742,1.716815721,1.683645777,1.745397626,1.781811403,1.79750838,1.807869749,1.799905091,1.857602446,1.829693197,1.875663159,1.877229809,1.931427957,2.01107478,1.957611919,1.995760323,1.962282443,1.947002665,1.934939947,,,,,,,,,,,,,,,,,,,,
Latin America & Caribbean,,,,,,,,,,,,,,,,,,,,,,,,,,,,,,,,,,,,,,,,,,,,,,,,,,,
Least developed countries: UN classification,,,,,,,,,,,,,,,,,,,,,,,,,,,,,,,,,,,,,,,,,,,,,,,,,,,
Low income,,,,,,,,,,,,,,,,,,,,,,,,,,,,,,,,,,,,,,,,,,,,,,,,,,,
Liechtenstein,,,,,,,,,,,,,,,,,,,,,,,,,,,,,,,,,,,,,,,,,,,,,,,,,,,
Sri Lanka,9.960659181,10.6584396,11.40091164,12.23787317,13.15272433,14.08112281,15.32375931,16.40837882,17.72082164,18.19577533,19.09313782,19.64536347,20.90819294,22.32282474,23.65083571,25.32605908,27.35429006,30.37569449,34.66093855,36.42130254,38.62954429,39.28888686,41.44745625,42.93896797,44.29830924,45.18318959,46.28296209,49.39013555,50.07776827,50.54539237,51.65101168,,,,,,,,,,,,,,,,,,,,
Lower middle income,,,,,,,,,,,,,,,,,,,,,,,,,,,,,,,,,,,,,,,,,,,,,,,,,,,
Low & middle income,,,,,,,,,,,,,,,,,,,,,,,,,,,,,,,,,,,,,,,,,,,,,,,,,,,
Lesotho,1.114774034,1.270540696,1.415385892,1.538836465,1.623680573,1.794159397,1.867648422,2.001575536,2.175688727,2.319115991,2.411320901,2.630279838,2.957186242,2.974075077,3.174143297,3.260577694,3.459478812,3.143649178,3.599359317,3.65600572,3.806986268,4.080752376,4.373357769,4.393080238,4.623232831,4.751587391,5.011540902,5.505852694,5.894152619,5.972989651,5.897337069,,,,,,,,,,,,,,,,,,,,
Late-demographic dividend,,,,,,,,,,,,,,,,,,,,,,,,,,,,,,,,,,,,,,,,,,,,,,,,,,,
Lithuania,,,,,,0.361475,0.423296,0.463964,0.47262,0.461162,0.451527,0.432687,0.42073,0.404409,0.414384,0.435163,0.44685,0.470767,0.492829,0.469048,0.450033,0.451921,0.452657,0.443347,0.44262,0.445858,0.43844,0.44272,0.446753,0.450618,0.451998,,,,,,,,,,,,,,,,,,,,
Luxembourg,0.96832,0.953719,0.967241,1.001289,1.015082,0.974946,0.977094,0.973888,0.964435,0.95763,0.955437,0.963233,0.956996,0.96571,0.951997,0.946363,0.917918,0.922537,0.900045,0.902341,0.924932,0.905099,0.90679,0.895254,0.884138,0.881261,0.851894,0.84831,0.846841,0.846922,0.857118,,,,,,,,,,,,,,,,,,,,
Latvia,,,,,0.243,0.296771,0.328835,0.342004,0.353102,0.354315,0.360698,0.353274,0.360954,0.378618,0.399667,0.438594,0.489546,0.566495,0.575542,0.520747,0.486634,0.498506,0.506203,0.499271,0.497558,0.497569,0.484535,0.484537,0.49098,0.496688,0.481785,,,,,,,,,,,,,,,,,,,,
"Macao SAR, China",2.779578729,3.001937351,3.367659358,3.603433586,3.766378232,3.99091962,4.007996643,4.005470736,3.884011199,3.783151253,3.635806538,3.505154082,3.404409239,3.344040718,3.319336752,3.398298388,3.553940759,3.764218791,4.064338329,4.070792714,4.216667897,4.439786911,4.565290921,4.643870834,4.860661979,5.137023448,5.117854124,5.154916292,5.212431635,5.243828178,5.178889566,,,,,,,,,,,,,,,,,,,,
St. Martin (French part),,,,,,,,,,,,,,,,,,,,,,,,,,,,,,,,,,,,,,,,,,,,,,,,,,,
Morocco,3.899568455,3.975557841,4.065306978,4.091743468,4.032450224,4.247372333,4.189164259,4.147529791,4.117417583,4.081933083,3.96304062,3.90327677,3.88893585,3.858601963,3.803255161,3.732276199,3.678727176,3.711284001,3.805403493,3.782160805,3.775071344,3.672276025,3.749628782,3.793989655,4.033862598,3.996445418,3.994036919,4.023440354,3.97191617,3.954455742,3.916888867,,,,,,,,,,,,,,,,,,,,
Monaco,,,,,,,,,,,,,,,,,,,,,,,,,,,,,,,,,,,,,,,,,,,,,,,,,,,
Moldova,,,,,,0.6888285,0.864845273,0.956482854,1.035329831,1.42660393,1.77675801,1.948809073,2.106998651,2.376098086,2.498611191,2.649552971,2.916805233,3.292388726,3.528118771,3.577385288,4.713902242,4.995654106,5.009827603,4.98872232,5.293014536,5.556087026,5.408738124,5.572401514,5.614795012,5.819239896,6.062807521,,,,,,,,,,,,,,,,,,,,
Madagascar,83.50308815,87.66963417,98.20277144,105.5132354,143.5889336,209.6043215,246.5101557,253.2168671,265.9482518,281.0104123,306.6688829,323.8443695,371.3992839,358.4144604,397.7264366,456.5432463,490.8392222,527.1750849,555.829456,589.8469642,642.6326346,694.8628098,742.898448,777.658796,823.9560271,886.0912036,941.0108527,1013.435109,1060.394785,1128.673267,1178.099137,,,,,,,,,,,,,,,,,,,,
Maldives,,,,,,3.069559138,3.154723967,3.228410289,3.156148433,3.196890076,3.190540349,4.710965052,4.66068281,4.597029814,4.922822693,5.211333161,5.430842916,5.823893317,6.344036222,7.006661703,7.125536846,7.86162564,8.15415575,8.246445689,8.173717522,8.2779112,8.128860452,8.160779966,8.217870135,8.029460347,8.346489557,,,,,,,,,,,,,,,,,,,,
Middle East & North Africa,,,,,,,,,,,,,,,,,,,,,,,,,,,,,,,,,,,,,,,,,,,,,,,,,,,
Mexico,1.346927,1.605791999,1.796267999,2.057498999,2.191969002,2.972767997,3.694260995,4.312384995,4.922368999,5.633669989,6.103027018,6.332834986,6.553697009,6.648072982,6.989209018,7.126862021,7.157870982,7.374152982,7.469532003,7.428654018,7.676842987,7.673013016,7.858707975,7.884358972,8.045317989,8.327594996,8.446043033,8.913552014,9.201884995,9.369986998,9.522284961,,,,,,,,,,,,,,,,,,,,
Marshall Islands,0.850582587,0.864261703,0.87047283,0.876122845,0.880319943,0.886444395,0.894844091,0.938989856,0.949519451,0.96518357,0.9397863,0.916650735,0.932962763,0.928595731,0.90284939,0.882050277,0.890338382,0.880456692,0.942585867,0.893875646,0.887174189,0.938595164,0.987715751,0.955963152,0.933776525,0.918628281,0.986452236,0.990913633,0.973182583,0.96990903,,,,,,,,,,,,,,,,,,,,,
Middle income,,,,,,,,,,,,,,,,,,,,,,,,,,,,,,,,,,,,,,,,,,,,,,,,,,,
North Macedonia,0.048224396,0.090458307,1.213137766,6.424560901,15.84421662,18.17122931,18.35570377,18.75356775,18.75229856,19.03926353,19.9377273,20.49291695,20.01508096,20.12121665,19.27775951,19.29347041,18.91074059,19.53732336,19.26390611,18.35064849,18.71600565,19.28954261,19.00345718,19.1053766,18.99582269,19.44064634,18.95864307,18.97014893,19.03098524,18.81913999,18.82936944,,,,,,,,,,,,,,,,,,,,
Mali,129.0997397,117.6138225,115.8428138,116.82258,159.6315958,181.0709842,174.877424,181.5060574,182.6082113,174.222068,169.3564421,173.47453,176.7723594,160.3695427,161.7850456,168.6677692,171.3210308,174.4388781,183.5611786,190.6177923,196.6468178,216.0901597,225.3787264,219.3123855,218.6827209,218.5709699,211.3566582,214.5086807,212.5332561,212.8364199,211.4083113,,,,,,,,,,,,,,,,,,,,
Malta,0.570627507,0.570457051,0.577571164,0.580308824,0.588413092,0.580833039,0.57767735,0.575360948,0.580734892,0.583357983,0.579804547,0.588850826,0.581837108,0.57448863,0.566726901,0.572728836,0.572379323,0.56880074,0.571554045,0.569037218,0.572039961,0.574149665,0.579727114,0.57747751,0.586357807,0.59970095,0.583018318,0.586424535,0.583902637,0.576591686,0.572536077,,,,,,,,,,,,,,,,,,,,
Myanmar,8.642233327,10.34482712,12.31373915,16.38909548,19.58952194,22.94805176,27.72701731,36.46829241,48.9818438,59.21660225,59.34767763,72.50201556,100.9992563,119.4817217,120.5392347,139.2997069,164.0080147,197.4810112,220.0941563,229.0852603,242.3956838,261.7839424,267.4961902,278.5593689,294.0066163,318.9785541,347.0706198,366.7132881,380.5516782,398.4981402,417.3526902,,,,,,,,,,,,,,,,,,,,
Middle East & North Africa (excluding high income),,,,,,,,,,,,,,,,,,,,,,,,,,,,,,,,,,,,,,,,,,,,,,,,,,,
Montenegro,,,,,,,,,,,0.29338996,0.314808195,0.314172138,0.336334574,0.347430908,0.355410341,0.337749214,0.350873892,0.36405422,0.371568472,0.369701576,0.363802524,0.369767596,0.364005136,0.361784663,0.359639702,0.349142444,0.350954176,0.347805275,0.340944903,0.327936264,,,,,,,,,,,,,,,,,,,,
Mongolia,1.751708899,3.275629012,8.765337368,35.8679427,57.70574869,90.58694725,98.57230826,117.9019351,114.3374209,124.9749581,136.9109441,147.9705397,154.9449279,167.6917946,190.5519394,221.936713,262.7811496,285.6650697,340.3170939,343.911832,473.1369405,533.5271104,577.6600378,630.6796646,683.7672292,717.0720514,729.2228016,791.436029,837.892867,900.4247303,931.6668918,,,,,,,,,,,,,,,,,,,,
Northern Mariana Islands,,,,,,,,,,,,,,,,,,,,,,,,,,,,,,,,,,,,,,,,,,,,,,,,,,,
Mozambique,0.814708913,1.269245572,1.685016829,2.368906935,3.476735762,5.16054755,7.585153915,8.253948507,8.648074828,9.3223685,10.1669328,11.51783637,12.47700146,12.78181146,13.25795549,13.78208026,14.4305979,15.11270778,15.6073934,15.65473838,16.71216247,16.8935413,18.01926411,18.42557344,18.55117993,18.26424805,19.83352847,22.85555263,22.98951253,23.58942548,24.05055157,,,,,,,,,,,,,,,,,,,,
Mauritania,2.805048955,3.003903425,3.105611792,3.395139379,3.692891437,3.719841658,3.720792615,4.099464302,4.801835961,4.959495158,5.159169884,5.342589348,5.612555736,5.757385635,6.219655699,6.911518785,7.653805401,8.116621171,8.814961373,8.716868957,10.54165701,11.96817098,12.15408635,12.04170606,11.82064591,11.78108214,11.52193293,11.12575842,11.06136765,11.37562964,12.00936793,,,,,,,,,,,,,,,,,,,,
Mauritius,7.530654036,7.908165448,8.146038529,8.691202052,9.067326047,9.36096826,9.836321157,10.16473663,10.75155521,11.29505956,11.4248143,11.87631206,12.41850249,12.8776682,13.39848678,13.50674517,14.55776332,15.35479566,15.91834298,15.69455754,15.68853341,15.85335922,16.45893868,16.56019208,16.81788439,16.88213732,16.62236032,16.88220202,16.72497019,16.51477478,16.51886058,,,,,,,,,,,,,,,,,,,,
Malawi,1.462110754,1.633497042,1.809138383,2.265188427,2.798276991,4.857246568,7.266745499,8.631912406,10.20446711,14.05181895,17.94132065,22.054579,35.2078274,38.14212748,42.65654194,45.81138491,53.34435214,54.07862036,59.39366316,63.6007946,70.49236236,78.76928971,94.33124852,114.5412394,146.2037039,186.6148972,221.1973412,251.0742211,260.2672164,275.37058,298.8190373,,,,,,,,,,,,,,,,,,,,
Malaysia,0.968653348,0.970554858,0.971839084,0.987196575,1.004613504,1.019733242,1.038247802,1.056190368,1.133198649,1.117578088,1.189941218,1.145981599,1.163435235,1.179904239,1.218016432,1.285908872,1.297825181,1.325567776,1.435360048,1.339141436,1.419909282,1.466134429,1.453631401,1.472259761,1.505472064,1.567630649,1.594258189,1.654786943,1.626870785,1.599354667,1.567897925,,,,,,,,,,,,,,,,,,,,
North America,,,,,,,,,,,,,,,,,,,,,,,,,,,,,,,,,,,,,,,,,,,,,,,,,,,
Namibia,1.422340976,1.458182918,1.564097956,1.686217737,1.909699052,1.995454427,2.256962518,2.376523554,2.544413579,2.678387899,2.915367927,3.17241434,3.435429677,3.415665526,3.393980587,3.47571197,3.690961738,3.928198116,4.275617726,4.537981357,4.652844632,4.731508246,5.212440003,5.400163161,5.666217796,5.932094566,6.414111127,7.020597943,7.15567536,7.092634552,7.396457308,,,,,,,,,,,,,,,,,,,,
New Caledonia,,,,,,,,,,,,,,,,,,,,,,,,,,,,,,,,,,,,,,,,,,,,,,,,,,,
Niger,155.9894002,146.902243,136.1575681,127.8605113,152.9968565,156.2226854,164.1044492,172.6017802,181.0549857,179.1558927,180.8082527,185.7960068,187.607722,183.8400209,179.7131204,189.2463774,186.4359633,194.3344511,209.9352707,217.0768261,222.0330994,226.1278011,233.4267585,242.0844439,243.9996818,249.9210874,257.01893,258.4601102,258.5398959,254.2775847,257.5956588,,,,,,,,,,,,,,,,,,,,
Nigeria,2.347280464,2.698802357,3.872309645,5.35776253,7.516968504,12.91410015,16.04146192,16.56673804,17.36682317,19.41891574,23.30102119,25.09842788,29.92315494,32.25785848,37.92318961,44.08106561,52.99694266,55.27474755,58.51507922,58.47079916,73.25853832,78.77652494,86.82604861,90.2611879,92.78203116,96.83239919,105.3739114,115.9778241,124.8431502,135.3908959,144.270395,,,,,,,,,,,,,,,,,,,,
Nicaragua,0.062761609,1.840496998,2.22534283,2.6171195,2.761738368,3.067293295,3.301510743,3.562894015,4.017496422,4.325705295,4.593567087,4.820477094,4.899564945,5.066671623,5.380399374,5.732717581,6.002126145,6.410623665,7.307007874,7.689367337,8.067469799,8.709558461,9.361681954,9.714930519,10.15969176,10.55416779,10.59366036,10.80687045,10.83404732,11.23066642,11.74674056,,,,,,,,,,,,,,,,,,,,
Netherlands,0.919695,0.917341,0.919286,0.912355,0.911706,0.911419,0.90738,0.908977,0.905982,0.906357,0.890163,0.904694,0.900863,0.926458,0.908546,0.897139,0.873084,0.861245,0.847775,0.84772,0.853394,0.836065,0.824408,0.798166,0.808798,0.809978,0.795448,0.78215,0.775748,0.785516,0.773146,,,,,,,,,,,,,,,,,,,,
Norway,9.59969198,9.491041027,9.220205967,9.213305,9.006615035,9.09171098,8.995577963,9.059568994,9.312730977,9.283739018,9.08260602,9.173071037,9.05672998,9.206973962,9.133218977,9.005204026,8.791877979,8.933783972,8.859281014,9.077231024,9.144244978,9.082736032,9.037085034,9.02934896,9.278458021,9.932516003,10.04190003,9.74982999,9.59745104,9.763243017,10.026168,,,,,,,,,,,,,,,,,,,,
Nepal,6.832471949,7.438044382,8.61690015,9.324441161,9.569167011,9.963195557,10.54945619,11.12551346,11.45362017,12.29400745,12.56300599,12.71286969,13.00735751,13.16228678,13.35124019,13.74025369,14.31824247,15.00385449,15.5446845,17.8812666,20.35257126,25.25461195,26.00444036,26.79986988,28.15274656,29.94253578,31.99881016,31.23498378,31.83127185,32.74006695,33.51567986,,,,,,,,,,,,,,,,,,,,
Nauru,,,,,,,,,,,,,,,1.035121412,0.936928535,0.796195973,0.74738647,0.868720073,1.129002669,0.903958777,0.998753796,1.234576033,0.948684768,0.873957278,0.763762233,0.962063015,1.058723639,1.073068535,1.089170585,,,,,,,,,,,,,,,,,,,,,
New Zealand,1.538589999,1.492341999,1.486938,1.483368999,1.46415,1.462862001,1.467213,1.448473001,1.447791001,1.434660001,1.443905999,1.474387,1.468961999,1.49747,1.507677001,1.535,1.481507999,1.505518999,1.490708999,1.470995,1.496125999,1.485915001,1.495622,1.445979,1.44073,1.478013999,1.441008001,1.430959,1.424703,1.439814999,1.445397,,,,,,,,,,,,,,,,,,,,
OECD members,,,,,,,,,,,,,,,,,,,,,,,,,,,,,,,,,,,,,,,,,,,,,,,,,,,
Oman,0.107065522,0.094762364,0.093830451,0.086718963,0.084523437,0.084241409,0.088861461,0.085402526,0.073175632,0.080096537,0.091984044,0.085903022,0.088543157,0.095923006,0.105558701,0.125366956,0.138270297,0.145781026,0.191263396,0.142119024,0.162446826,0.184847802,0.188951403,0.190663323,0.199446067,0.198082402,0.194321051,0.200041279,0.218809645,0.207368607,,,,,,,,,,,,,,,,,,,,,
Other small states,,,,,,,,,,,,,,,,,,,,,,,,,,,,,,,,,,,,,,,,,,,,,,,,,,,
Pakistan,5.440944449,5.973064858,6.43573702,6.84244633,7.572213264,8.381349245,8.91984559,9.942192217,10.57146127,11.03191155,11.19221525,11.53361192,11.77741108,11.9394631,12.47874449,13.05053213,13.99222105,14.61739595,16.23174939,19.43810012,21.29899368,24.96168132,26.63530945,28.52172092,30.40348064,31.46785689,32.3776477,33.58892039,33.6080455,35.86508302,38.73587487,,,,,,,,,,,,,,,,,,,,
Panama,0.516122373,0.501699553,0.515346589,0.521314242,0.529196922,0.520747525,0.506564727,0.505989304,0.50534884,0.502352845,0.485235257,0.479702597,0.480125589,0.476704698,0.473328948,0.467055742,0.462267508,0.471895216,0.497735496,0.5259343,0.533343038,0.552960157,0.574011803,0.571320415,0.558843911,0.538338184,0.51544106,0.497470468,0.489481338,0.480076746,0.458215902,,,,,,,,,,,,,,,,,,,,
Peru,0.073687446,0.34073313,0.563876766,0.806325114,1.000161861,1.112641602,1.198486786,1.263978225,1.317044038,1.336398325,1.353251045,1.330234009,1.310948098,1.310261194,1.356025904,1.361138606,1.42230878,1.40574847,1.394139903,1.412145256,1.475594663,1.542905331,1.599306464,1.616158842,1.645859242,1.714085579,1.743263601,1.749454976,1.747170457,1.750598695,1.802541344,,,,,,,,,,,,,,,,,,,,
Philippines,7.235344118,8.155327543,8.606135863,8.981327828,9.672143637,10.18883207,10.77216076,11.24869085,12.28673062,12.909432,13.78370182,14.24571983,14.61725899,14.80884674,15.27009671,15.68414393,16.00161091,16.07609937,16.9014812,17.23291231,17.77897347,18.09765422,18.06898297,18.42586712,18.87601272,19.00100903,18.94860447,19.38501167,19.63861839,19.42868287,19.51067462,,,,,,,,,,,,,,,,,,,,
Palau,,,,,,,,,,,0.777543366,0.766662463,0.757792424,0.72561287,0.722987814,0.777602196,0.765513471,0.755465459,0.784100179,0.787859307,0.77055862,0.749237503,0.779911158,0.825901208,0.833795473,0.891294094,0.928754774,0.901208241,0.828985602,0.813931339,,,,,,,,,,,,,,,,,,,,,
Papua New Guinea,0.726372282,0.751758339,0.756146874,0.720211121,0.756298827,0.858187512,0.858026101,0.914555962,1.035908287,1.134196314,1.254753755,1.312712974,1.451098129,1.503556866,1.434968038,1.561152294,1.658189832,1.67693781,1.772631355,1.67338215,1.818148173,1.859033405,1.813567687,1.84621959,1.911250951,1.869909708,1.897086031,2.00544903,2.150306567,2.113874808,2.108561796,,,,,,,,,,,,,,,,,,,,
Poland,0.266545,0.40029,0.542539,0.692384,0.930321,1.166157,1.354124001,1.513514001,1.655067,1.737655999,1.832368998,1.836810999,1.799795001,1.806326999,1.831563001,1.867595,1.852930999,1.856188999,1.842242999,1.867781998,1.803438001,1.801423999,1.796168,1.762045,1.767141999,1.765116,1.732842999,1.742879001,1.747031999,1.764427999,1.781861999,,,,,,,,,,,,,,,,,,,,
Pre-demographic dividend,,,,,,,,,,,,,,,,,,,,,,,,,,,,,,,,,,,,,,,,,,,,,,,,,,,
Puerto Rico,0.644579785,0.642968311,0.644838346,0.641796558,0.648349826,0.652651237,0.665985633,0.663418302,0.69775923,0.697958523,0.705192363,0.728043485,0.734981317,0.753456512,0.724222896,0.748630659,0.766554416,0.774737602,0.809822664,0.843740275,0.854823158,0.857175412,0.857657605,0.859537826,0.860421767,0.874984382,0.891701799,0.905278277,0.899832298,0.905551716,0.915292483,,,,,,,,,,,,,,,,,,,,
Democratic People's Republic of Korea,,,,,,,,,,,,,,,,,,,,,,,,,,,,,,,,,,,,,,,,,,,,,,,,,,,
Portugal,0.47711,0.508051,0.553587,0.580664,0.609899,0.617855,0.629844,0.641364,0.656809,0.660642,0.660828,0.670763,0.672081,0.670488,0.676708,0.664259,0.641013,0.647602,0.636148,0.626868,0.622647,0.623083,0.605398,0.583607,0.578868,0.584947,0.571416,0.575688,0.571174,0.564103,0.569524,,,,,,,,,,,,,,,,,,,,
Paraguay,313.8877763,379.8889812,423.7320454,464.5068029,511.978243,557.0074884,609.4662295,619.5713929,712.2877472,777.1408677,871.6199667,971.7700792,1128.349788,1275.542743,1389.104972,1521.634601,1607.735135,1763.506698,1941.332919,1996.924736,2065.825463,2126.668637,2288.408069,2309.778215,2383.449328,2453.156968,2507.396821,2534.378849,2523.468255,2553.880494,2575.547239,,,,,,,,,,,,,,,,,,,,
West Bank and Gaza,,,,,0.571808532,0.603664417,0.60831555,0.575076774,0.538125703,0.514397156,0.555689973,0.55651249,0.555998055,0.534258001,0.494992541,0.480309462,0.491344065,0.501315593,0.575389055,0.581615535,0.650784095,0.672017651,0.61193669,0.647117803,0.608354215,0.549535452,0.559459893,0.565527495,0.550599844,0.561766631,0.569344009,,,,,,,,,,,,,,,,,,,,
Pacific island small states,,,,,,,,,,,,,,,,,,,,,,,,,,,,,,,,,,,,,,,,,,,,,,,,,,,
Post-demographic dividend,,,,,,,,,,,,,,,,,,,,,,,,,,,,,,,,,,,,,,,,,,,,,,,,,,,
French Polynesia,,,,,,,,,,,,,,,,,,,,,,,,,,,,,,,,,,,,,,,,,,,,,,,,,,,
Qatar,,,,,,,,,,,1.126933916,1.048138674,1.062865212,1.222720823,1.346723556,1.70494135,1.793234995,1.93789316,2.336219709,1.75703689,1.85801575,2.152514457,2.186445712,2.239636897,2.364978075,2.468180416,2.503818511,2.345949887,2.57535186,2.408055644,2.055972697,,,,,,,,,,,,,,,,,,,,
Romania,0.000701943,0.002003023,0.005872417,0.018776075,0.043940846,0.061946669,0.087842234,0.203271759,0.29657683,0.438331704,0.615916073,0.813336974,0.978353701,1.177888449,1.269803761,1.401275815,1.401305265,1.489727516,1.566242252,1.566072897,1.536467315,1.550036152,1.563589622,1.606224345,1.628364871,1.662871028,1.596928075,1.613570658,1.670899721,1.691200472,1.713248262,,,,,,,,,,,,,,,,,,,,
Russian Federation,0.000542313,0.00119933,0.018649362,0.179962183,0.717657762,1.715169999,2.455975003,2.778420998,3.258398998,5.539640998,7.301404002,8.322816969,9.273503962,9.866787028,11.55684301,12.73613105,12.61828793,13.98450307,14.34119607,14.01691295,15.82114211,18.44372886,19.56826,19.50559215,20.9988749,23.56263175,24.19233701,24.12418125,24.66224196,25.50053404,25.88078791,,,,,,,,,,,,,,,,,,,,
Rwanda,59.74093939,66.44256917,69.69352135,77.52361059,88.9514791,131.7904363,143.5552727,163.1671394,164.9463042,156.8815709,158.4835533,156.8599647,146.3406782,172.9412939,187.0965147,197.8233105,196.7382761,216.365684,242.9268212,258.3195025,263.4769098,276.6492027,299.2391247,302.8948264,297.0718519,299.6150546,311.4761196,325.1261733,315.5153407,317.7345779,339.8829919,,,,,,,,,,,,,,,,,,,,
South Asia,,,,,,,,,,,,,,,,,,,,,,,,,,,,,,,,,,,,,,,,,,,,,,,,,,,
Saudi Arabia,0.84569245,0.799520749,0.779387634,0.748677938,0.741051334,0.768062374,0.813407218,0.827283269,0.704087096,0.794624731,0.862342677,0.82993859,0.865683921,0.869588903,0.940416843,1.095774453,1.186670361,1.25310875,1.446642044,1.210102629,1.40180079,1.586354257,1.65019667,1.666466355,1.646280528,1.591296555,1.638920188,1.649027229,1.795690756,1.772777926,1.612696824,,,,,,,,,,,,,,,,,,,,
Sudan,0.005222293,0.009535795,0.019507533,0.037633272,0.095530704,0.191399533,0.249161315,0.361487401,0.420600343,0.480220919,0.516002636,0.513042134,0.542371642,0.58397435,0.65779611,0.692945282,0.735658744,0.764194619,0.856430472,0.883604479,1.04444884,1.231475711,1.639186382,2.207169055,2.620960237,2.968422653,3.373430012,4.618968964,7.087060362,10.44200146,21.85004172,,,,,,,,,,,,,,,,,,,,
Senegal,172.0863247,164.9196182,159.910757,156.3413375,205.1806893,215.2615255,220.1879789,220.736567,224.34583,221.3259015,219.2123874,229.3541159,229.9763078,223.7754226,217.8000108,221.1609446,220.4363449,228.1915093,242.0305394,236.1423409,237.1674053,241.2760608,245.5998334,247.2119437,243.6183563,242.5952059,244.6577153,246.7866527,238.9767779,239.1641309,245.9798892,,,,,,,,,,,,,,,,,,,,
Singapore,0.970573713,0.98046411,0.971921911,0.98221377,0.994961171,1.005241439,1.002035149,0.995702677,0.971579793,0.923435777,0.938133473,0.901324603,0.879405593,0.847940655,0.859346057,0.849282868,0.839551525,0.865959231,0.837661973,0.855940656,0.855410661,0.846737742,0.845871925,0.858816922,0.863950789,0.87959981,0.878305554,0.885979891,0.894170436,0.873004621,0.837372845,,,,,,,,,,,,,,,,,,,,
Solomon Islands,1.565576708,1.625972621,1.798556169,1.995661177,2.089685053,2.241894498,2.467563708,2.631025837,2.892552368,3.069426291,3.169985884,3.408191185,3.734360563,3.895051666,3.999899875,4.434973804,4.685792783,5.058226152,5.35239279,5.668071852,5.942322581,6.374862113,6.70474407,6.699083981,6.834401281,7.010876639,6.940440437,6.90709209,6.943319578,6.908331525,7.081937607,,,,,,,,,,,,,,,,,,,,
Sierra Leone,29.3348625,64.91176414,115.5220778,143.019879,175.1240185,229.157128,291.6035952,293.1182002,358.7694924,414.4715219,418.7108479,712.2522342,673.702365,748.3523153,822.1270564,929.8813657,1013.845068,1054.4241,1137.670665,1216.924006,1409.532669,1620.574818,1750.436734,1778.179251,1808.753281,1881.81098,1975.343759,2244.996464,2486.702359,2651.682891,2739.260728,,,,,,,,,,,,,,,,,,,,
El Salvador,0.313500734,0.325746874,0.329392934,0.349416832,0.375660674,0.408154943,0.427170104,0.434151233,0.4474715,0.445494483,0.450022162,0.454965487,0.454611355,0.45957349,0.459681141,0.464820182,0.47068787,0.478461023,0.483797028,0.479862942,0.486892677,0.505120277,0.524124146,0.510317266,0.496190518,0.487724572,0.473463237,0.462530196,0.459437568,0.454593104,0.446952642,,,,,,,,,,,,,,,,,,,,
San Marino,,,,,,,,0.74867822,0.753875406,0.754699054,0.757151781,0.760930767,0.766960922,0.771439125,0.766320878,0.755566687,0.748129312,0.714188223,0.720401068,0.722095696,0.723987959,0.7102569,0.714521128,0.726226981,0.690037463,0.691402237,0.689131267,0.682678095,0.680092736,0.672237394,,,,,,,,,,,,,,,,,,,,,
Somalia,,,,,,,,,,,,,,,,,,,,,,8001.024131,8005.571878,8325.840077,8129.2882,7941.613259,7916.904174,8229.504419,8488.964346,8878.865636,9107.79992,,,,,,,,,,,,,,,,,,,,
Serbia,,,,,,1.61868225,2.941236195,3.49448222,4.299234642,5.420286465,9.595808612,17.82312265,20.35768452,22.65912233,24.11390037,27.03278793,28.86306677,30.46204402,31.32468981,33.23819454,34.80684879,36.32375024,37.98231559,39.32281086,39.8018869,40.73741732,40.45516429,40.82095513,40.96243871,41.20806214,41.12580239,,,,,,,,,,,,,,,,,,,,
Sub-Saharan Africa (excluding high income),,,,,,,,,,,,,,,,,,,,,,,,,,,,,,,,,,,,,,,,,,,,,,,,,,,
South Sudan,,,,,,,,,,,,,,,,,,,1.199574387,1.049670615,1.171702,1.59342788,2.290919102,2.500640914,2.609357821,3.268295228,,,,,,,,,,,,,,,,,,,,,,,,,
Sub-Saharan Africa,,,,,,,,,,,,,,,,,,,,,,,,,,,,,,,,,,,,,,,,,,,,,,,,,,,
Small states,,,,,,,,,,,,,,,,,,,,,,,,,,,,,,,,,,,,,,,,,,,,,,,,,,,
Sao Tome and Principe,,,,,,,,,,,,2.518810845,2.79166804,3.170384349,3.535349247,4.064882186,4.460994357,4.779345093,5.930394474,6.33107299,7.0390621,7.431393634,8.651559838,8.766795174,8.624117816,9.186058958,9.738679861,10.05518436,9.987903351,10.49748693,10.93960377,,,,,,,,,,,,,,,,,,,,
Suriname,0.002051944,0.002646429,0.00349046,0.008351788,0.044014765,0.146461112,0.145644286,0.145313992,0.168883075,0.287393765,0.451863554,0.616953829,0.791260265,0.94243897,1.035549417,1.160328285,1.272082849,1.318400809,1.493971968,1.578799524,1.672924923,1.865562318,1.923533677,1.845194101,1.810857177,1.820140839,2.428507802,2.578214407,2.660339974,2.729276167,3.551328168,,,,,,,,,,,,,,,,,,,,
Slovak Republic,,,0.315357,0.355396,0.394761,0.424898,0.436939,0.450574,0.466079,0.494406,0.516226,0.515601,0.521518,0.544909,0.564956,0.564715,0.555338,0.554435,0.53743,0.515184,0.501703,0.506407,0.504542,0.491124,0.485412,0.491548,0.503194,0.516433,0.520724,0.528803,0.526884,,,,,,,,,,,,,,,,,,,,
Slovenia,0.034808,0.065631,0.197753,0.264805,0.317835,0.390393,0.427963,0.456043,0.482519,0.508506,0.526349,0.560022,0.583286,0.608518,0.608333,0.610135,0.6105,0.631131,0.633789,0.645,0.637413,0.62397,0.606793,0.590407,0.591238,0.595298,0.577106,0.570149,0.568261,0.562517,0.556785,,,,,,,,,,,,,,,,,,,,
Sweden,8.886935027,9.305144997,9.190188019,9.176092004,9.216760011,9.37154196,9.268636029,9.333028989,9.396272044,9.305899999,9.160267975,9.400157966,9.413654968,9.49576897,9.302010957,9.479181986,9.123665039,8.883689996,8.778985973,8.914179009,9.017735984,8.844041971,8.654768028,8.597681001,8.727131011,8.854383004,8.822586018,8.852247038,8.860635983,8.877487039,8.765112028,,,,,,,,,,,,,,,,,,,,
Eswatini,0.996669209,1.048690205,1.140039826,1.307316027,1.420403187,1.622862824,1.716114489,1.878413753,1.995060697,2.072277027,2.540657242,2.708450789,2.903973268,3.022245276,3.056945571,3.158983595,3.190104062,3.262427442,3.533816846,3.84971999,3.927042416,4.052137853,4.496624474,4.69001626,4.982305045,5.32290841,5.7878604,6.205593125,6.230536311,6.26255823,6.357498061,,,,,,,,,,,,,,,,,,,,
Sint Maarten (Dutch part),,,,,,,,,,,,,,,,,,,,1.370520621,1.370026242,1.345952393,1.54946506,1.540036202,1.522140027,1.511889099,1.480350851,1.386570693,1.442266601,,,,,,,,,,,,,,,,,,,,,,
Seychelles,3.156370117,2.990741028,3.060938592,3.112749056,3.076961582,2.990298598,2.891530767,2.873320621,2.965389539,2.983303631,3.034318887,3.151997856,3.215030592,3.344119557,4.059949194,3.955362688,3.894555426,4.240203006,5.613603427,7.102868904,6.725278319,6.883865377,7.624689599,7.959093063,7.843674685,8.157078711,7.815332386,7.968673233,8.144000789,7.92475565,7.824270637,,,,,,,,,,,,,,,,,,,,
Syrian Arab Republic,,,,,,,,,,,,,,,,,,,,,,,,,,,,,,,,,,,,,,,,,,,,,,,,,,,
Turks and Caicos Islands,,,,,,,,,,,,,,,,,,,,,,1.028408051,1.101731181,1.079315066,1.07937181,1.086520076,1.071653962,1.017905712,1.024832996,1.028298337,1.071717533,,,,,,,,,,,,,,,,,,,,
Chad,118.3853517,118.0323581,100.5079673,96.89106605,136.1744035,145.1591176,158.8829133,162.0979101,171.1126583,155.9035774,160.5612708,178.7932599,179.3671461,176.235987,188.3212572,224.640048,239.8118916,241.2496345,257.1136931,230.7775033,242.6988893,258.1313305,285.3535173,308.4197037,300.3860862,252.0752092,246.8844418,243.6545651,249.8736264,252.502489,220.5827045,,,,,,,,,,,,,,,,,,,,
East Asia & Pacific (IDA & IBRD countries),,,,,,,,,,,,,,,,,,,,,,,,,,,,,,,,,,,,,,,,,,,,,,,,,,,
Europe & Central Asia (IDA & IBRD countries),,,,,,,,,,,,,,,,,,,,,,,,,,,,,,,,,,,,,,,,,,,,,,,,,,,
Togo,140.9382683,139.9694335,141.2921307,126.7086664,168.5253894,183.3603423,189.7650235,190.3463924,206.2160955,205.5479446,221.2582247,220.0471297,227.5120803,216.9018606,207.1857402,212.7337305,205.434566,210.0008274,230.2521906,232.131234,230.913925,228.6249921,237.8992544,240.6512408,238.2344351,241.5521367,243.5530888,239.7217502,237.228338,236.6688014,236.8345453,,,,,,,,,,,,,,,,,,,,
Thailand,8.954083932,9.158900858,9.356940958,9.733650244,9.975466736,10.331449,10.56146267,10.84145368,11.58528243,11.12609611,11.02766939,10.99789777,11.00966585,11.041277,11.13557548,11.34903364,11.57794036,11.55393119,11.91531604,11.84819903,12.18968238,12.38719753,12.24970334,12.30076028,12.48794274,12.64086059,12.73108008,12.84471605,12.72320267,12.61833936,12.33656214,,,,,,,,,,,,,,,,,,,,
Tajikistan,5.21E-06,1.01E-05,6.67E-05,0.000848716,0.003016521,0.011656682,0.060716782,0.098634369,0.183248155,0.228511752,0.274100789,0.351224842,0.410826019,0.512585087,0.586156191,0.622533437,0.731516961,0.906418641,1.139532337,1.268047365,1.409641361,1.564780234,1.669687747,1.6493603,1.650559901,1.914028643,2.030313255,2.230570076,2.232557664,2.273651771,2.29832794,,,,,,,,,,,,,,,,,,,,
Turkmenistan,2.52E-07,4.95E-07,1.54E-05,0.000186217,0.001918601,0.015141039,0.189471216,0.301367752,0.35051401,0.425014451,0.456445526,0.512058106,0.546200428,0.601318075,0.620854993,0.64440823,0.702100964,0.747111621,1.170667949,1.275215433,1.289596001,1.425625276,1.577836106,1.634109505,1.682040101,1.644513421,1.612786364,1.623004652,1.604142077,1.645028515,,,,,,,,,,,,,,,,,,,,,
Latin America & the Caribbean (IDA & IBRD countries),,,,,,,,,,,,,,,,,,,,,,,,,,,,,,,,,,,,,,,,,,,,,,,,,,,
Timor-Leste,,,,,,,,,,,0.32730683,0.358046143,0.371457996,0.389450247,0.339473197,0.335183428,0.333055647,0.351952962,0.370468825,0.374679766,0.410481503,0.454532027,0.436645794,0.487293696,0.452933233,0.4575738,0.432427953,0.40896954,0.393679889,0.421436048,0.411575032,,,,,,,,,,,,,,,,,,,,
Middle East & North Africa (IDA & IBRD countries),,,,,,,,,,,,,,,,,,,,,,,,,,,,,,,,,,,,,,,,,,,,,,,,,,,
Tonga,0.703357258,0.744719426,0.782353324,0.764748839,0.952215285,0.891087786,0.885937749,0.854217125,0.86718283,0.909561279,0.939211271,0.935212803,0.986840034,1.055491045,1.119205414,1.166306459,1.311627672,1.297229063,1.33030293,1.385911881,1.475990905,1.45268475,1.485128828,1.424903507,1.399188733,1.459213563,1.488177252,1.542717007,1.584127137,1.675600112,,,,,,,,,,,,,,,,,,,,,
South Asia (IDA & IBRD),,,,,,,,,,,,,,,,,,,,,,,,,,,,,,,,,,,,,,,,,,,,,,,,,,,
Sub-Saharan Africa (IDA & IBRD countries),,,,,,,,,,,,,,,,,,,,,,,,,,,,,,,,,,,,,,,,,,,,,,,,,,,
Trinidad and Tobago,2.498459032,2.454731571,2.234077798,2.374677178,2.633509254,2.686966678,2.687455157,2.548281032,2.473136947,2.542846816,2.786787819,2.803163908,2.616226141,2.83767076,3.008773252,3.306586477,3.264960021,3.584999742,4.353284443,3.126558619,3.484075628,3.949606902,4.097177982,4.317299849,4.37456893,4.239877695,4.106726175,4.162451751,4.291563153,4.174286235,4.149190656,,,,,,,,,,,,,,,,,,,,
Tunisia,0.398637288,0.412731049,0.426502227,0.436176663,0.446386234,0.460614478,0.472038418,0.482375702,0.492613012,0.501924988,0.507070659,0.515605835,0.519174304,0.523392963,0.526753724,0.532173207,0.536344909,0.533420983,0.556418529,0.568902285,0.583802336,0.596331477,0.634823263,0.670525074,0.699728847,0.742019951,0.766765475,0.794180155,0.825806292,0.87729564,0.909435238,,,,,,,,,,,,,,,,,,,,
Turkey,0.001188,0.001825,0.002921,0.004787,0.009676,0.017742,0.031042,0.055385,0.128877,0.196465,0.281508,0.414892,0.591251,0.737306,0.79283,0.834589,0.842933,0.852344,0.87996,0.903963,0.919607,0.966176,1.019856,1.070294,1.104504,1.162452,1.241052,1.38398,1.633464001,1.895513999,2.128511002,,,,,,,,,,,,,,,,,,,,
Tuvalu,0.822119682,0.816272657,0.856702893,0.858184204,0.801055178,0.824993948,0.912992313,0.885803156,0.89994767,0.941444401,1.038969933,1.07679247,1.095177124,1.099436039,1.130563435,1.112829025,1.124700808,1.093838665,1.110773682,1.109965383,1.126182218,1.109926272,1.097848001,1.101692393,1.136475752,1.177882418,1.177311202,1.196751707,1.226238813,1.309471441,1.293799799,,,,,,,,,,,,,,,,,,,,
Tanzania,51.29900626,63.57068529,77.92619081,94.74374045,121.6770455,151.1916472,177.1486403,209.9974758,237.193845,260.8006005,276.0187715,283.1021427,298.8519007,318.103796,331.0934859,341.7256599,349.9644611,371.820885,424.4714588,459.3487812,496.8697208,546.0729979,649.7050339,706.3094624,759.0317184,803.8113519,848.6795819,885.0826402,890.0487213,896.0661799,888.3203639,,,,,,,,,,,,,,,,,,,,
Uganda,190.0547757,231.6712159,328.5925101,417.7229837,436.9991444,468.1575612,480.761141,487.2401548,524.1482983,516.1037265,560.9408998,573.7909507,546.9528981,578.901361,651.5952681,620.9089859,617.1688981,645.0260429,672.9869111,765.1847079,799.0124206,856.1680487,1003.277708,1042.081328,1073.747098,1125.470869,1211.940523,1270.607668,1297.097614,1301.907033,1321.346082,,,,,,,,,,,,,,,,,,,,
Ukraine,4.41E-06,8.33E-06,0.000151815,0.005093844,0.052539742,0.265439361,0.433086047,0.502692747,0.556809293,0.699278413,0.842098318,0.905077579,0.936180334,0.99361694,1.114117631,1.341855794,1.49427397,1.791362403,2.259360399,2.534179576,2.853740676,3.192311046,3.297394036,3.01255059,3.434976097,4.566225537,5.0142064,5.916288704,6.667200532,7.090465943,7.694794472,,,,,,,,,,,,,,,,,,,,
Upper middle income,,,,,,,,,,,,,,,,,,,,,,,,,,,,,,,,,,,,,,,,,,,,,,,,,,,
Uruguay,0.584929603,1.136164123,1.773177248,2.560999506,3.484289976,4.813599636,5.976486363,7.00794946,7.788150045,8.009432484,8.111578724,8.320587788,9.224427565,10.55429545,11.31615788,11.04870581,11.42481639,12.17372514,12.89957481,13.79381749,14.30400625,15.27369779,16.93812181,18.1728801,19.47261802,21.10457817,22.45382141,23.29380615,24.36315208,25.97590636,28.45435192,,,,,,,,,,,,,,,,,,,,
United States,1,1,1,1,1,1,1,1,1,1,1,1,1,1,1,1,1,1,1,1,1,1,1,1,1,1,1,1,1,1,1,,,,,,,,,,,,,,,,,,,,
Uzbekistan,0.000634131,0.001169898,0.009289614,0.106979035,1.402076656,6.467385103,11.53074596,18.82643639,25.87710981,36.76211767,52.96389113,75.27341374,107.8048908,134.1674614,151.4473215,178.3483339,213.7312953,253.7166959,315.5534729,367.2234018,505.8992916,601.9983939,706.9046202,804.3098137,935.2376018,1058.677183,1179.956318,1432.906996,1783.704433,2077.831409,2297.171263,,,,,,,,,,,,,,,,,,,,
St. Vincent and the Grenadines,1.571553874,1.642236688,1.679654672,1.582444174,1.586879855,1.574673622,1.601491101,1.595736071,1.628644389,1.634640771,1.595437042,1.665786035,1.656563046,1.575370159,1.595639943,1.593045835,1.592818359,1.681591797,1.649839413,1.623145402,1.675624819,1.635919213,1.649954797,1.643246412,1.595824121,1.605104566,1.533495069,1.590442537,1.556963746,1.547298898,1.543001807,,,,,,,,,,,,,,,,,,,,
"Venezuela, RB",0.012092057,0.014205366,0.017811628,0.022905567,0.036530961,0.054300756,0.114927198,0.151332498,0.177917147,0.221323001,0.280244092,0.296158918,0.387824644,0.513765249,0.67016541,0.842323679,0.963964432,1.0837692,1.383425986,1.480484817,2.13578074,2.680982592,,,,,,,,,,,,,,,,,,,,,,,,,,,,,
British Virgin Islands,,,,,,,,,,,,,,,,,,,,,,1.027546763,1.097350717,1.093549013,1.089413881,1.105230451,1.097537518,1.068778515,,,,,,,,,,,,,,,,,,,,,,,
Virgin Islands (U.S.),,,,,,,,,,,,,,,,,,,,,,,,,,,,,,,,,,,,,,,,,,,,,,,,,,,
Vietnam,672.4461169,1122.326898,1455.366811,1669.267943,1911.431892,2191.199704,2338.935083,2450.980392,2637.902973,2749.481035,2781.037772,2792.711024,2878.401911,3026.835927,3196.052236,3682.535942,3880.661886,4143.085604,4985.492218,5255.3026,5822.009525,6915.342379,7167.071606,7369.902791,7473.394715,7413.447995,7315.610049,7395.355717,7467.367604,7467.590657,7473.673983,,,,,,,,,,,,,,,,,,,,
Vanuatu,77.25805,82.40408309,82.81278596,82.56473819,82.70614507,82.41055488,82.61624498,83.79601302,89.6226153,91.06694304,91.01661463,92.29153419,93.46597152,92.49480503,91.97660483,89.57235382,90.30832708,93.026449,97.7874131,99.5269187,99.82662112,100.5110383,98.16205298,99.36494868,98.92829005,103.735871,104.2777224,107.8431869,108.6928758,109.5359957,110.1731338,,,,,,,,,,,,,,,,,,,,
World,,,,,,,,,,,,,,,,,,,,,,,,,,,,,,,,,,,,,,,,,,,,,,,,,,,
Samoa,0.74409182,0.763738266,0.810685116,0.797107218,1.312921285,1.19625549,1.228666917,1.35080384,1.381367859,1.395502653,1.404463813,1.40767073,1.419479883,1.430078697,1.490279575,1.457633184,1.545876525,1.503363652,1.601531205,1.628161719,1.688260418,1.66056812,1.688696529,1.675502336,1.642476902,1.696036953,1.698328581,1.666061367,1.660164464,1.667100466,,,,,,,,,,,,,,,,,,,,,
Kosovo,,,,,,,,,,,0.330574225,0.360358585,0.321573016,0.288495566,0.317395309,0.298898417,0.28900319,0.291015039,0.306519034,0.307764198,0.318528598,0.3269386,0.330215635,0.332720965,0.339622104,0.33912803,0.339377717,0.340077293,0.335476107,0.33170576,0.330934498,,,,,,,,,,,,,,,,,,,,
"Yemen, Rep.",6.107838718,6.616784537,7.32148072,8.32323884,9.842986064,14.0508738,18.87184311,21.01609852,19.04944925,25.0620392,30.2875873,30.42442931,32.53923288,35.4217564,39.35857798,45.2259877,49.881713,53.8692621,63.60931869,57.63259589,70.42267407,81.47676307,88.79299246,93.63131938,,,,,,,,,,,,,,,,,,,,,,,,,,,
South Africa,1.26526188,1.415432973,1.5854979,1.749861195,1.877083486,2.026310647,2.147188579,2.279385196,2.429535773,2.563278608,2.727773648,2.873204687,3.173687269,3.296340895,3.419435471,3.496839499,3.606437354,3.822891843,4.081127576,4.354202381,4.577401248,4.776628492,5.107816689,5.295738224,5.571891319,5.825255873,6.159093398,6.426701061,6.521817747,6.665092416,6.933437612,,,,,,,,,,,,,,,,,,,,
Zambia,0.009556399,0.017808597,0.046234237,0.110046271,0.194741579,0.249130324,0.304221328,0.375034219,0.433560961,0.503995177,0.65375303,0.801770659,0.942335872,1.088053577,1.268434237,1.434933705,1.595327515,1.755098027,1.904794003,1.995482005,2.247678874,2.446346047,2.651491404,2.832861182,3.064822197,3.366481778,3.87882662,4.192580219,4.39774048,4.650397487,5.588507757,,,,,,,,,,,,,,,,,,,,
Zimbabwe,0.743998098,0.670887344,0.56325714,0.52936132,0.498102756,0.502697089,0.53801019,0.513663058,0.370553484,0.394526818,0.388323186,0.379491056,0.383716967,0.409877146,0.429511679,0.437932632,0.416492639,0.409226803,0.406834712,0.503384764,0.517979748,0.520335376,0.549245834,0.558424473,0.549251854,0.539304197,0.521861792,0.511243165,0.805354971,3.560536395,24.97726195,,,,,,,,,,,,,,,,,,,,
