Country,max temp,min temp,avg temp,avg rainfall,Cost of Living pw,pop2020,pop2019,GrowthRate,area,Density,Crime Index,Safety Index,Health Care Index,Pollution Index,CPI score 2020,Score,Political Rights,Civil Liberties,score_temp_variability,score_temp_optimality,score_sunshine,score_density,score_safety,score_corruption,score_healthcare,score_air_purity,score_freedom,score_ppp,score_income_proxy,utility_score,data_completeness
Colombia,29.27777778,19.88888889,23.11111111,1783.08,442.45429962121,50882.891,50339.443,1.0108,1141748.0,44.0898,55.77,44.23,66.72,62.88,39.0,65.0,29.0,36.0,100.0,100.0,,97.06067999999999,44.23,39.0,66.72,37.12,77.5,38.436936970227684,95.25152334595967,77.4718212697617,10
Panama,31.44444444,23.16666667,25.94444444,2237.74,890.1697665964235,4314.767,4246.439,1.0161,75417.0,56.3061,45.85,54.15,60.43,59.77,35.0,83.0,35.0,48.0,100.0,78.33333339999997,,96.24626,54.15,35.0,60.43,40.23,100.0,100.0,72.18997903351705,77.28518162084481,10
Costa Rica,30.94444444,19.27777778,24.72222222,1529.08,794.0668545667932,5094.118,5047.561,1.0092,51100.0,98.7781,55.34,44.66,62.92,44.07,57.0,91.0,38.0,53.0,86.66666672,85.83333339999997,,93.41479333333334,44.66,57.0,62.92,55.93,100.0,74.85442016215885,78.08857728606456,75.95486195009728,10
Ecuador,27.72222222,18.22222222,19.44444444,1036.32,565.966229510723,17643.054,17373.662,1.0155,276841.0,62.7568,54.41,45.59,68.81,58.34,39.0,67.0,27.0,40.0,100.0,87.55555552000001,,95.81621333333334,45.59,39.0,68.81,41.66,80.5,29.271668038795877,91.13445901630924,74.61354904427739,10
Mauritius,28.83333333,18.61111111,23.77777778,1549.4,662.0581646630776,1271.768,1269.668,1.0017,2040.0,622.3863,47.89,52.11,,56.19,53.0,87.0,37.0,50.0,98.22222224000001,100.0,,56.97240714285714,52.11,53.0,,43.81,100.0,48.234204266843726,86.19099802589673,74.13783670472486,9
Indonesia,31.11111111,21.77777778,26.33333333,2362.2,485.8339616919646,273523.615,270625.568,1.0107,1904569.0,142.0928,46.23,53.77,60.49,67.08,37.0,59.0,30.0,29.0,100.0,83.33333335,,90.52714666666667,53.77,37.0,60.49,32.92,68.5,50.38335081077164,93.80553461026784,73.92704367579414,10
Sri Lanka,31.16666667,21.83333333,25.38888889,1841.5,323.7075023924327,21413.249,21323.733,1.0042,65610.0,325.0074,41.19,58.81,72.63,59.92,38.0,56.0,23.0,33.0,100.0,82.49999994999997,,78.21375714285715,58.81,38.0,72.63,40.08,64.0,19.123430990277456,99.20974992025225,72.97668361739917,10
Guatemala,29.88888889,19.33333333,20.72222222,1584.96,632.8568256789484,17915.568,17581.472,1.019,108889.0,161.4623,58.15,41.85,65.94,72.49,25.0,52.0,21.0,31.0,95.55555551999998,97.77777775999999,,89.23584666666667,41.85,25.0,65.94,27.510000000000005,58.0,41.517745739151856,87.98331590124607,72.22209842419154,10
Malaysia,31.38888889,22.22222222,26.27777778,2669.54,450.9310224929818,32365.999,31949.777,1.013,330803.0,96.5825,57.89,42.11,69.59,62.58,51.0,51.0,21.0,30.0,100.0,79.16666665,,93.56116666666667,42.11,51.0,69.59,37.42,56.5,29.50723978610584,94.9689659169006,71.49066910279205,10
Singapore,31.11111111,22.77777778,26.44444444,2245.36,1583.1703774436469,5850.342,5804.337,1.0079,710.0,8175.1225,32.98,67.02,70.88,33.16,85.0,48.0,19.0,29.0,100.0,83.33333335,,0.0,67.02,85.0,70.88,66.84,52.0,55.425827153235915,36.75919240058933,71.41323039242658,10
Trinidad And Tobago,31.16666667,22.22222222,26.38888889,1485.9,813.4213122306663,1399.488,1394.973,1.0032,5130.0,271.9246,70.95,29.05,53.76,67.44,40.0,82.0,33.0,49.0,100.0,82.49999994999997,,81.87169333333334,29.05,40.0,53.76,32.56,100.0,49.38287854475361,76.90064064872388,70.70782577198818,10
Philippines,32.05555556,21.5,26.55555556,2451.1,538.4698739928784,109581.078,108116.615,1.0135,342353.0,315.8045,42.16,57.84,67.09,74.06,34.0,56.0,25.0,31.0,95.55555551999998,69.16666659999997,,78.87110714285714,57.84,34.0,67.09,25.939999999999998,64.0,37.678417015174816,92.05100420023739,68.23989411114182,10
Dominican Republic,30.61111111,19.44444444,24.72222222,1363.98,560.5063352041053,10847.91,10738.958,1.0101,48671.0,220.6439,60.14,39.86,54.97,75.08,28.0,67.0,26.0,41.0,90.66666664000002,90.83333335,,85.29040666666667,39.86,28.0,54.97,24.92,80.5,4.9663104990215885,91.31645549319649,67.8083232889928,10
Fiji,30.22222222,20.72222222,24.94444444,2593.34,685.8980187101895,896.445,889.953,1.0073,18272.0,48.7058,57.94,42.06,,,,60.0,24.0,36.0,100.0,96.66666670000001,,96.75294666666667,42.06,,,,70.0,33.360533416170504,84.72775702254476,66.08091065971138,7
Kenya,29.16666667,15.11111111,20.83333333,1084.58,531.9812802944178,53771.296,52573.973,1.0228,580367.0,90.5875,61.4,38.6,55.83,75.88,31.0,48.0,19.0,29.0,67.55555551999998,98.66666663999999,,93.96083333333334,38.6,31.0,55.83,24.120000000000005,52.0,47.12850015510283,92.26729065685274,65.95527510658056,10
Ghana,31.94444444,23.5,26.77777778,1183.64,681.0596670560831,31072.94,30417.856,1.0215,238533.0,127.5205,48.52,51.48,,88.98,43.0,82.0,35.0,47.0,100.0,70.83333339999997,,91.49863333333333,51.48,43.0,,11.019999999999996,100.0,0.0,85.02472505409955,64.46375158046455,9
Jamaica,31.05555556,20.72222222,25.38888889,1348.74,1260.2440261032589,2961.167,2948.279,1.0044,10991.0,268.2448,67.53,32.47,,66.27,44.0,80.0,34.0,46.0,97.33333328,84.16666660000003,,82.11701333333333,32.47,44.0,,33.730000000000004,100.0,14.595519193744643,49.65870311962696,64.01820220166907,9
Taiwan,31.05555556,12.22222222,21.88888889,1513.84,,23816.775,23773.876,1.0018,36193.0,656.8639,15.24,84.76,86.39,62.92,65.0,94.0,38.0,56.0,44.66666664000002,84.16666660000003,,54.50972142857144,84.76,65.0,86.39,37.08,100.0,47.12850015510283,,63.15905549522966,9
Portugal,26.77777778,7.833333333,15.77777778,825.5,853.3765723918468,10196.709,10226.187,0.9971,92090.0,111.0456,29.89,70.11,71.93,29.57,61.0,96.0,39.0,57.0,44.22222221199999,55.388888898999994,,92.59696,70.11,61.0,71.93,70.43,100.0,48.87567784449427,74.44826930232642,63.00873725220755,10
Vanuatu,29.72222222,19.5,24.5,2499.36,1609.905957874303,307.145,299.882,1.0242,12189.0,24.6027,,,,,43.0,82.0,33.0,49.0,98.22222224000001,100.0,,98.35982,,43.0,,,100.0,33.01784709147063,35.69122162361976,62.740416659693146,7
Nicaragua,30.83333333,22.38888889,25.88888889,2623.82,501.10575342180897,6624.554,6545.502,1.0121,130373.0,50.206,48.37,51.63,,,22.0,30.0,10.0,20.0,100.0,87.50000005000003,,96.65293333333334,51.63,22.0,,,30.0,0.0,93.2964748859397,62.591213024642066,8
Rwanda,25.77777778,14.05555556,19.11111111,1191.26,579.2552358162255,12952.218,12626.95,1.0258,26338.0,479.4195,25.28,74.72,,,54.0,21.0,8.0,13.0,86.22222224,84.88888888,,67.18432142857142,74.72,54.0,,,21.0,11.15406735004261,90.69149213945914,62.02242311487957,8
Cuba,31.27777778,18.94444444,25.27777778,1120.14,764.4240121932011,11326.616,11333.483,0.9994,109884.0,103.1404,29.09,70.91,,,47.0,13.0,1.0,12.0,81.33333328,80.83333329999999,,93.12397333333334,70.91,47.0,,,13.0,47.12850015510283,79.90799372759238,61.847737515376785,8
Papua New Guinea,30.11111111,20.38888889,24.66666667,2806.7,1275.8364143140072,8947.024,8776.109,1.0195,462840.0,18.9614,80.24,19.76,,,27.0,62.0,23.0,39.0,100.0,98.33333335,,78.9614,19.76,27.0,,,73.0,19.098307482208337,49.03585466509519,61.29888930451897,8
Seychelles,31.27777778,23.72222222,26.66666667,2278.38,1208.594852824212,98.347,97.739,1.0062,452.0,216.2367,,,,,66.0,77.0,34.0,43.0,100.0,80.83333329999999,,85.58422,,66.0,,,95.5,40.088848468974454,52.64570490567979,60.79596499529089,7
Barbados,30.55555556,21.66666667,26.5,1280.16,1271.4844676429,287.375,287.025,1.0012,430.0,667.5,,,,,64.0,95.0,38.0,57.0,100.0,91.66666660000003,,53.75,,64.0,,,100.0,34.014488690701555,49.2096961075777,60.73796986864246,7
Honduras,30.77777778,21.77777778,25.44444444,1864.36,655.2496786745952,9904.607,9746.117,1.0163,112492.0,86.6383,74.78,25.22,,,24.0,44.0,19.0,25.0,100.0,88.33333329999999,,94.22411333333334,25.22,24.0,,,46.0,5.843533197038148,86.60888883384408,60.39270011963846,8
Liberia,32.05555556,21.94444444,25.11111111,2771.14,783.4074527103968,5057.681,4937.374,1.0244,111369.0,44.3335,,,,,28.0,60.0,27.0,33.0,99.11111104,69.16666659999997,,97.04443333333333,,28.0,,,70.0,100.0,78.742829356428,60.17246777686008,7
Spain,28.66666667,5.777777778,15.55555556,551.18,951.3598090184876,46754.778,46736.776,1.0004,505992.0,92.3666,33.13,66.87,78.8,39.62,62.0,90.0,37.0,53.0,28.444444431999997,48.111111134,,93.84222666666666,66.87,62.0,78.8,60.38,100.0,93.53897295773143,68.43426060957572,59.91749404468586,10
Brazil,32.27777778,17.94444444,24.5,952.5,438.8856195747117,212559.417,211049.527,1.0072,8515767.0,24.7834,67.85,32.15,57.33,54.53,38.0,74.0,31.0,43.0,65.33333328,65.83333329999999,,98.34777333333332,32.15,38.0,57.33,45.47,91.0,6.0663441800438065,95.37047934750962,59.68549561818041,10
El Salvador,31.66666667,18.61111111,23.16666667,1643.38,665.132992368702,6486.205,6453.553,1.0051,21041.0,306.7132,68.82,31.18,,,36.0,63.0,30.0,33.0,75.55555551999998,74.99999994999997,,79.52048571428571,31.18,36.0,,,74.5,75.74254367006313,86.0022714519747,58.816859061332714,8
Guyana,31.83333333,21.38888889,26.27777778,2400.3,577.4673244845542,786.552,782.766,1.0048,214969.0,3.6413,68.74,31.26,,,41.0,73.0,30.0,43.0,96.44444448000002,72.50000005000003,,63.6413,31.26,41.0,,,89.5,0.0,90.7510891838482,58.66987156492802,8
Uganda,28.83333333,15.05555556,21.5,1277.62,513.6960497547325,45741.007,44269.594,1.0332,241550.0,183.273,56.07,43.93,,,27.0,34.0,11.0,23.0,69.77777784000001,100.0,,87.7818,43.93,27.0,,,34.0,14.14450169251009,92.87679834150892,58.617832654626184,8
Tanzania,29.38888889,14.94444444,22.33333333,1074.42,,59734.218,58005.463,1.0298,945087.0,61.3758,56.64,43.36,,64.38,38.0,34.0,12.0,22.0,64.4444444,100.0,,95.90828,43.36,38.0,,35.620000000000005,34.0,60.931419200466884,,57.92095341252918,8
Puerto Rico,30.94444444,18.0,24.61111111,1666.24,1034.580553376717,2860.853,2933.408,0.9753,8870.0,330.7112,63.35,36.65,55.57,50.45,,,,,76.44444447999999,85.83333339999997,,77.80634285714285,36.65,,55.57,49.55,,33.119974521781344,63.326343202288356,57.54030519757578,8
Suriname,31.66666667,23.61111111,25.72222222,2202.18,589.8055784834362,586.632,581.372,1.009,163820.0,3.5488,,,,,38.0,79.0,34.0,45.0,100.0,74.99999994999997,,63.5488,,38.0,,,98.5,0.0,90.33981405055212,56.430538367222006,7
Venezuela,30.55555556,19.11111111,24.66666667,1115.06,,28435.94,28515.829,0.9972,916445.0,31.1157,84.25,15.75,39.67,75.12,15.0,14.0,1.0,13.0,88.44444440000001,91.66666660000003,,97.92562,15.75,15.0,39.67,24.879999999999995,14.0,47.12850015510283,,56.28081304094393,9
Australia,29.44444444,6.0,17.44444444,782.32,1339.9201409668262,25499.884,25203.198,1.0118,7692024.0,3.2765,42.44,57.56,77.71,23.48,77.0,97.0,40.0,57.0,26.222222239999994,59.55555552000001,,63.2765,57.56,77.0,77.71,76.52,100.0,43.56040794252683,46.475987018981144,56.242819820094255,10
Cyprus,31.77777778,7.555555556,18.94444444,391.16,1010.6785970643648,1207.359,1198.575,1.0073,9251.0,129.5617,31.97,68.03,52.71,56.77,57.0,94.0,38.0,56.0,23.111111104000003,49.555555488,,91.36255333333334,68.03,57.0,52.71,43.23,100.0,100.0,64.79339591441678,56.218080144984384,10
Maldives,31.27777778,24.61111111,27.83333333,2108.2,884.1397370236529,540.544,530.953,1.0181,300.0,1769.8433,55.99,44.01,,,43.0,40.0,19.0,21.0,100.0,74.16666666,,14.603134,44.01,43.0,,,40.0,30.766781028467445,72.5600897944666,56.158333633308374,8
Gabon,30.44444444,19.88888889,24.77777778,1930.4,1166.1081276630985,2225.734,2172.579,1.0245,267668.0,8.1167,,,,,30.0,22.0,3.0,19.0,95.55555559999999,93.33333339999997,,68.1167,,30.0,,,22.0,59.65587889475354,55.2534523453676,56.008571421257564,7
Peru,24.33333333,9.166666667,15.83333333,622.3,494.39330751516815,32971.854,32510.453,1.0142,1285216.0,25.2957,66.61,33.39,56.38,82.69,38.0,71.0,29.0,42.0,59.333333348000004,59.666666651,,98.31362,33.39,38.0,56.38,17.310000000000002,86.5,15.360908262331598,93.52022308282773,55.5415469588537,10
Belize,32.05555556,19.05555556,25.0,1727.2,742.2576915299023,397.628,390.353,1.0186,22966.0,16.997,51.31,48.69,,,,87.0,34.0,53.0,75.99999999999997,69.16666659999997,,76.997,48.69,,,,100.0,16.628218677896868,81.26851670830736,55.02231678038775,7
Vietnam,31.77777778,17.11111111,24.72222222,1943.1,,97338.579,96462.106,1.0091,331212.0,291.2398,46.09,53.91,58.28,85.92,36.0,19.0,3.0,16.0,62.66666663999999,73.33333329999999,,80.58401333333333,53.91,36.0,58.28,14.079999999999998,19.0,86.36138209184884,,54.882837200948885,9
Greece,30.5,5.333333333,16.94444444,642.62,752.8463482946538,10423.054,10473.455,0.9952,131990.0,79.3504,44.14,55.86,56.96,51.95,50.0,87.0,37.0,50.0,19.666666665999998,46.222222199,,94.70997333333334,55.86,50.0,56.96,48.05,100.0,100.0,80.61860682555448,54.54185569914924,10
Madagascar,28.61111111,14.61111111,21.88888889,1701.8,538.2709515675303,27691.018,26969.307,1.0268,587041.0,45.9411,,,,,25.0,60.0,27.0,33.0,68.0,100.0,,96.93726000000001,,25.0,,,70.0,0.0,92.057634947749,54.49968093423431,7
New Zealand,22.11111111,3.0,12.22222222,1267.46,1251.7072035770484,4822.233,4783.063,1.0082,270467.0,17.6845,42.26,57.74,73.58,23.81,88.0,99.0,40.0,59.0,43.55555556,23.111111100000002,,77.6845,57.74,88.0,73.58,76.19,100.0,50.0,49.99971224826044,54.01672159739128,10
Ethiopia,28.0,12.11111111,19.33333333,1092.2,698.5621892864017,114963.588,112078.73,1.0257,1104300.0,101.493,50.03,49.97,,77.74,38.0,22.0,9.0,13.0,56.44444444,86.66666663999999,,93.2338,49.97,38.0,,22.260000000000005,22.0,0.0,83.95045638874319,53.767071573046444,9
Uruguay,29.44444444,6.888888889,16.83333333,1137.92,762.9663779780698,3473.73,3461.734,1.0035,181034.0,19.122,51.22,48.78,67.66,45.67,71.0,98.0,40.0,58.0,29.777777795999995,57.833333317,,79.122,48.78,71.0,67.66,54.33,100.0,0.0,79.99746030516681,53.51927182504168,10
Mexico,31.38888889,8.277777778,20.61111111,934.72,627.0694160727543,128932.753,127575.529,1.0106,1964375.0,64.9446,55.0,45.0,72.51,61.24,31.0,61.0,27.0,34.0,27.555555552,70.888888864,,95.67036,45.0,31.0,72.51,38.76,71.5,21.263311124717493,88.33853514974655,53.349860108154,10
Chile,22.77777778,4.888888889,12.27777778,1061.72,679.7109710560751,19116.201,18952.038,1.0087,756102.0,25.0655,52.08,47.92,63.72,78.96,67.0,93.0,38.0,55.0,48.444444436,29.055555567,,98.32896666666667,47.92,67.0,63.72,21.040000000000006,100.0,43.72821958545432,85.10750522902715,52.875918218228016,10
Ireland,18.38888889,2.944444444,9.666666667,1036.32,1516.9838758723429,4937.786,4882.495,1.0113,70273.0,69.479,45.02,54.98,52.78,33.59,72.0,97.0,39.0,58.0,58.222222216,10.166666667000001,,95.36806666666666,54.98,72.0,52.78,66.41,100.0,69.02901421981426,39.40305680784762,52.769453049051776,10
Malta,31.0,9.555555556,18.72222222,558.8,1201.3693180373832,441.543,440.372,1.0027,316.0,1393.5823,38.93,61.07,67.12,77.76,53.0,90.0,35.0,55.0,34.22222222400001,65.444444428,,22.128353999999998,61.07,53.0,67.12,22.239999999999995,100.0,48.61705795514699,53.08919330751063,52.322996159041104,10
Denmark,19.88888889,-1.666666667,7.777777778,607.06,1424.6957130655444,5792.202,5771.876,1.0035,43094.0,133.9369,26.72,73.28,79.96,20.4,88.0,97.0,40.0,57.0,33.77777777199999,0.0,,91.07087333333334,73.28,88.0,79.96,79.6,100.0,67.74433646728727,43.08956966263705,50.890437604078606,10
Cameroon,31.22222222,17.33333333,23.83333333,1930.4,440.216848997754,26545.863,25876.38,1.0259,475442.0,54.4259,,,,,25.0,16.0,7.0,9.0,68.88888888,81.66666670000001,,96.37160666666666,,25.0,,,16.0,47.12850015510283,95.3261050334082,50.423166024073616,7
Estonia,21.11111111,-7.777777778,5.5,650.24,720.8293885394868,1326.535,1325.648,1.0007,45227.0,29.311,23.38,76.62,72.83,19.01,75.0,94.0,38.0,56.0,12.222222224,0.0,,98.04593333333334,76.62,75.0,72.83,80.99,100.0,100.0,82.58374168853848,50.341715800366984,10
Namibia,28.38888889,7.777777778,20.16666667,309.88,686.4388046697453,2540.905,2494.53,1.0186,825615.0,3.0214,65.89,34.11,,,51.0,77.0,31.0,46.0,37.555555552,86.66666669400001,,63.0214,34.11,51.0,,,95.5,6.713571381068014,84.69456469726897,50.245457121208574,8
Thailand,34.88888889,18.22222222,27.05555556,1615.44,622.4945378529995,69799.978,69625.582,1.0025,513120.0,135.6906,39.38,60.62,78.08,75.39,36.0,30.0,5.0,25.0,53.33333332000001,26.222222170000066,,90.95396,60.62,36.0,78.08,24.61,30.0,48.806700425056555,88.6193317260703,49.79715227288295,10
Israel,32.72222222,7.055555556,19.33333333,467.36,1355.5777541108814,8655.535,8519.377,1.016,20770.0,410.177,31.21,68.79,73.76,58.42,60.0,76.0,33.0,43.0,18.666666672000005,37.00000000800001,,72.13021428571429,68.79,60.0,73.76,41.58,94.0,73.99010623096702,45.85053311053442,49.60776168795099,10
Georgia,27.05555556,2.111111111,14.0,878.84,445.6375593892662,3989.167,3996.765,0.9981,69700.0,57.3424,22.62,77.38,53.83,69.7,56.0,60.0,23.0,37.0,20.222222204000005,29.333333333,,96.17717333333334,77.38,56.0,53.83,30.299999999999997,70.0,57.12501152438594,95.14541468702446,49.17387774526523,10
Japan,28.77777778,0.222222222,13.94444444,1717.04,1223.4872407949747,126476.461,126860.301,0.997,377930.0,335.6714,21.95,78.05,80.68,39.4,74.0,96.0,40.0,56.0,12.888888883999996,23.388888865999995,,77.45204285714286,78.05,74.0,80.68,60.6,100.0,59.20977125566417,51.731640890288496,49.17160482050597,10
Somalia,33.11111111,19.5,26.61111111,312.42,441.1725382362051,15893.222,15442.905,1.0292,637657.0,24.2182,56.04,43.96,,,12.0,7.0,1.0,6.0,71.11111111999998,53.333333349999954,,98.38545333333333,43.96,12.0,,,7.0,47.12850015510283,95.29424872545982,48.95523486618099,8
Slovenia,22.61111111,-4.888888889,8.0,1247.14,802.2624501407123,2078.938,2078.654,1.0001,20273.0,102.5331,21.79,78.21,65.28,22.65,60.0,95.0,39.0,56.0,15.000000002,0.0,,93.16446,78.21,60.0,65.28,77.35,100.0,100.0,77.58554855665415,48.89375053522838,10
Cambodia,34.72222222,20.38888889,27.0,1760.22,650.0209543443094,16718.965,16486.542,1.0141,181035.0,91.0683,51.22,48.78,,78.21,21.0,24.0,5.0,19.0,65.33333336000001,29.166666700000007,,93.92878,48.78,21.0,,21.790000000000006,24.0,100.0,86.92981713399973,48.49741233399999,9
Italy,27.33333333,2.555555556,13.5,772.16,1057.2955807268124,60461.826,60550.075,0.9985,301336.0,200.9387,44.37,55.63,66.77,53.93,53.0,90.0,36.0,54.0,20.888888903999998,28.166666667999998,,86.60408666666666,55.63,53.0,66.77,46.07,100.0,71.4598942718669,61.93214173841876,48.04941044868452,10
Haiti,31.0,18.33333333,24.83333333,1516.38,990.7997974019212,11402.528,11263.077,1.0124,27750.0,405.8766,,,,,18.0,37.0,15.0,22.0,78.66666663999999,85.0,,72.43738571428571,,18.0,,,37.0,0.0,66.0135155806708,47.892764658434785,7
United Kingdom,19.83333333,1.444444444,9.333333333,754.38,1451.9510535471925,67886.011,67530.172,1.0053,242900.0,278.0164,45.26,54.74,74.93,40.25,77.0,93.0,39.0,54.0,46.444444456,3.9999999970000033,,81.46557333333334,54.74,77.0,74.93,59.75,100.0,44.34366306333329,42.00083672017287,47.84535179389622,10
Iceland,13.11111111,-3.777777778,3.611111111,967.74,1595.7301416815972,341.243,339.031,1.0065,103000.0,3.2916,24.13,75.87,65.69,16.24,75.0,94.0,37.0,57.0,52.444444448,0.0,,63.2916,75.87,75.0,65.69,83.76,100.0,5.695149851374232,36.25748415428629,47.811861848353786,10
Croatia,27.33333333,0.833333333,12.83333333,1043.94,874.2133019723212,4105.267,4130.304,0.9939,56594.0,72.9813,24.91,75.09,64.23,30.58,47.0,85.0,36.0,49.0,17.000000006,19.666666649000007,,95.13458,75.09,47.0,64.23,69.42,100.0,34.75945108461586,73.16935387618099,47.639169890831056,10
France,24.77777778,1.333333333,11.27777778,779.78,1236.1429230232002,65273.511,65129.728,1.0022,551695.0,118.0539,49.2,50.8,80.99,41.79,69.0,90.0,38.0,52.0,26.22222221199999,13.388888899000001,,92.12974,50.8,69.0,80.99,58.21,100.0,70.53217243957906,50.954861253754785,47.62847891136462,10
Morocco,30.72222222,6.388888889,17.5,429.26,414.1046455605541,36910.56,36471.769,1.012,446550.0,81.6745,49.1,50.9,45.81,70.38,40.0,37.0,13.0,24.0,22.666666676000006,50.333333367000016,,94.55503333333334,50.9,40.0,45.81,29.620000000000005,37.0,59.465745173154275,96.1965118146482,47.49670565447724,10
Paraguay,32.72222222,12.5,22.27777778,1574.8,425.0383284021705,7132.538,7044.636,1.0125,406752.0,17.3192,48.97,51.03,,,28.0,65.0,28.0,37.0,39.111111120000004,59.166666700000015,,77.3192,51.03,28.0,,,77.5,33.72132370035396,95.83205571992765,47.40030011189261,8
Latvia,20.16666667,-6.0,6.055555556,589.28,669.9920938532808,1886.198,1906.743,0.9892,64559.0,29.5349,37.21,62.79,62.18,33.91,57.0,89.0,37.0,52.0,17.666666659999997,0.0,,98.03100666666667,62.79,57.0,62.18,66.09,100.0,100.0,85.70402983868155,47.276148113459264,10
Nepal,29.05555556,1.777777778,18.72222222,1564.64,289.8080458629338,29136.808,28608.71,1.0185,147181.0,194.3777,35.72,64.28,57.94,84.26,33.0,56.0,25.0,31.0,15.444444436000005,57.111111093999995,,87.04148666666667,64.28,33.0,57.94,15.739999999999995,64.0,16.067096344929375,100.0,47.26831421041226,10
Albania,29.88888889,4.166666667,14.16666667,1229.36,476.65768397331567,2877.797,2880.917,0.9989,28748.0,100.2128,41.64,58.36,50.66,78.59,36.0,66.0,27.0,39.0,18.555555554,36.33333335099999,,93.31914666666667,58.36,36.0,50.66,21.409999999999997,79.0,72.60936540434577,94.11141053422281,47.24631461079595,10
Angola,28.72222222,11.16666667,21.27777778,993.14,3615.964339675875,32866.272,31825.295,1.0327,1246700.0,25.5276,66.63,33.37,,,27.0,31.0,10.0,21.0,49.777777799999996,100.0,,98.29816,33.37,27.0,,,31.0,0.0,7.615856603241248,47.179764931452574,8
South Africa,27.5,4.611111111,16.94444444,670.56,724.4292586154255,59308.69,58558.27,1.0128,1221037.0,47.9578,77.07,22.93,63.89,56.96,44.0,79.0,33.0,46.0,28.444444444,51.555555533,,96.80281333333333,22.93,44.0,63.89,43.04,98.5,0.0,82.36278909833203,47.15347514694784,10
Argentina,29.66666667,4.0,17.38888889,871.22,497.3239393747274,45195.774,44780.677,1.0093,2780400.0,16.1058,63.31,36.69,68.58,50.73,42.0,84.0,35.0,49.0,18.666666659999997,53.111111120000004,,76.1058,36.69,42.0,68.58,49.27,100.0,0.0,93.42253535417575,47.12378484901099,10
Switzerland,20.22222222,-5.833333333,5.833333333,1186.18,2052.45308512366,8654.622,8591.365,1.0074,41284.0,208.104,21.35,78.65,74.47,20.09,85.0,96.0,39.0,57.0,17.888888894000004,0.0,,86.1264,78.65,85.0,74.47,79.91,100.0,80.13976987986038,23.250969148763403,46.800515634851486,10
Zambia,31.72222222,8.722222222,21.0,1043.94,486.6299550226719,18383.955,17861.03,1.0293,752612.0,23.7321,43.22,56.78,,,33.0,52.0,20.0,32.0,28.000000008,70.333333366,,98.41785999999999,56.78,33.0,,,58.0,0.0,93.77900149924427,46.30772051926526,8
Zimbabwe,29.05555556,7.166666667,19.66666667,764.54,655.8748452689341,14862.924,14645.468,1.0148,390757.0,37.4797,58.88,41.12,,74.44,24.0,28.0,11.0,17.0,32.44444442800001,80.83333336100002,,97.50135333333333,41.12,24.0,,25.560000000000002,28.0,0.0,86.57051739948233,46.27150581214473,9
Netherlands,20.77777778,-0.222222222,9.555555556,754.38,,17134.872,17097.13,1.0022,41850.0,408.5336,27.22,72.78,75.76,25.28,82.0,98.0,40.0,58.0,35.999999992,0.1111111140000034,,72.2476,72.78,82.0,75.76,74.72,100.0,57.52065994535404,,45.88732180102213,9
Austria,22.66666667,-5.611111111,7.0,998.22,1123.655681950202,9006.398,8955.102,1.0057,83871.0,106.7723,25.23,74.77,78.4,19.2,76.0,93.0,37.0,56.0,13.444444437999998,0.0,,92.88184666666666,74.77,76.0,78.4,80.8,100.0,44.950837070378974,57.85909578332349,45.46795844083557,10
Germany,21.72222222,-2.611111111,8.111111111,746.76,1150.562982149625,83783.942,83517.045,1.0032,357114.0,233.8666,35.42,64.58,73.77,27.48,80.0,94.0,39.0,55.0,22.666666676000006,0.0,,84.40889333333334,64.58,80.0,73.77,72.52,100.0,51.62306761130641,56.207581270546264,45.438929723824124,10
Bolivia,26.5,6.055555556,17.16666667,853.44,,11673.021,11513.1,1.0139,1098581.0,10.48,55.39,44.61,,73.25,31.0,66.0,27.0,39.0,38.22222222400001,57.50000002800001,,70.48,44.61,31.0,,26.75,79.0,93.91450119038632,,45.33701744202415,8
Botswana,32.11111111,5.277777778,20.94444444,441.96,602.9589218435322,2351.627,2303.697,1.0208,582000.0,3.9582,52.84,47.16,,,60.0,72.0,28.0,44.0,16.333333335999995,53.72222220399997,,63.9582,47.16,60.0,,,88.0,78.13215606197332,89.81838748850501,44.96394924627989,8
Belgium,21.44444444,-0.777777778,9.333333333,840.74,1173.926530688719,11589.623,11539.328,1.0044,30528.0,377.9916,44.17,55.83,75.2,50.27,76.0,96.0,39.0,57.0,31.11111112799999,0.0,,74.42917142857142,55.83,76.0,75.2,49.73,100.0,64.46553029018119,54.77357491553053,44.6966978488927,10
Lithuania,21.16666667,-7.0,6.333333333,668.02,624.1198475975893,2722.289,2759.627,0.9865,65300.0,42.2608,33.84,66.16,70.97,27.01,60.0,90.0,38.0,52.0,13.666666659999997,0.0,,97.18261333333334,66.16,60.0,70.97,72.99,100.0,42.63027677544324,88.51957357080931,44.52786231184912,10
Nigeria,34.22222222,19.05555556,26.72222222,1282.7,1005.345910116954,206139.589,200963.599,1.0258,923768.0,217.5477,63.86,36.14,48.89,87.35,25.0,45.0,21.0,24.0,59.33333336,36.666666700000015,,85.49682,36.14,25.0,48.89,12.650000000000006,47.5,5.357783431631283,65.12070522529054,43.64345680418262,10
Tunisia,32.44444444,6.444444444,18.33333333,411.48,294.8104745414111,11818.619,11694.719,1.0106,163610.0,71.4792,43.4,56.6,56.16,70.85,44.0,71.0,32.0,39.0,18.000000008,31.333333372000013,,95.23472,56.6,44.0,56.16,29.150000000000006,86.5,0.0,100.0,43.556961676875,10
Slovakia,22.27777778,-7.111111111,6.222222222,665.48,710.639208797774,5459.642,5457.013,1.0005,49037.0,111.2836,29.74,70.26,60.89,39.08,49.0,90.0,37.0,53.0,11.222222217999999,0.0,,92.58109333333333,70.26,49.0,60.89,60.92,100.0,52.71331245058145,83.20919387461875,42.44446108884585,10
Yemen,33.77777778,20.66666667,27.05555556,53.34,535.3202929473836,29825.964,29161.922,1.0228,527968.0,55.2343,,,,,15.0,11.0,1.0,10.0,75.11111112,42.88888882,,96.31771333333333,,15.0,,,11.0,47.12850015510283,92.15599023508722,42.16263771959521,7
Poland,23.83333333,-8.444444444,7.0,624.84,696.9420627043658,37846.611,37887.768,0.9989,312679.0,121.1715,29.32,70.68,58.25,54.33,56.0,82.0,34.0,48.0,5.444444451999999,0.0,,91.9219,70.68,56.0,58.25,45.67,100.0,67.1515929077141,84.04989641219176,41.466184056369116,10
Oman,37.33333333,14.55555556,26.55555556,96.52,782.9788478458356,5106.626,4974.986,1.0265,309500.0,16.0743,20.26,79.74,58.42,37.59,54.0,23.0,6.0,17.0,28.88888892,5.0,,76.0743,79.74,54.0,58.42,62.41,23.0,20.963666883786992,78.76913623778822,40.733013396348454,10
Norway,16.11111111,-6.888888889,4.333333333,1122.68,1546.297937472999,5421.241,5378.857,1.0079,323802.0,16.6116,33.35,66.65,75.5,18.14,84.0,10.0,40.0,60.0,28.000000004,0.0,,76.6116,66.65,84.0,75.5,81.86,10.0,47.12850015510283,38.232086862946446,40.28951168950308,10
Jordan,33.11111111,4.611111111,18.61111111,200.66,606.0444952277186,10203.134,10101.694,1.01,89342.0,113.0677,40.73,59.27,65.38,76.09,49.0,34.0,11.0,23.0,13.000000001999993,18.05555556299995,,92.46215333333333,59.27,49.0,65.38,23.909999999999997,34.0,61.850503620909336,89.62900136702663,40.216631424923065,10
Montenegro,27.66666667,0.277777778,12.88888889,1363.98,531.7143096141066,628.066,627.987,1.0001,13812.0,45.4668,41.61,58.39,,46.91,45.0,63.0,24.0,39.0,15.222222215999999,18.27777778400001,,96.96888,58.39,45.0,,53.09,74.5,47.12850015510283,92.27618967952978,40.18709811466454,9
Bangladesh,33.16666667,12.22222222,25.33333333,2339.34,293.593415342844,164689.383,163046.161,1.0101,147570.0,1104.8734,64.22,35.78,42.7,84.91,26.0,39.0,15.0,24.0,36.222222200000004,52.49999995000003,,27.902532,35.78,26.0,42.7,15.090000000000003,39.0,3.847439869357899,100.0,39.78923433714738,10
Luxembourg,21.94444444,-2.055555556,8.166666667,822.96,1802.529576432116,625.978,615.729,1.0166,2586.0,238.1009,32.15,67.85,,23.27,80.0,97.0,38.0,59.0,24.000000016,0.0,,84.12660666666666,67.85,80.0,,76.73,100.0,47.12850015510283,27.996741374446117,39.73011551576347,9
Romania,25.22222222,-5.333333333,8.666666667,627.38,494.7060781900089,19237.691,19364.557,0.9934,238391.0,81.2302,28.35,71.65,56.09,58.42,44.0,83.0,35.0,48.0,8.888888894000004,0.0,,94.58465333333334,71.65,44.0,56.09,41.58,100.0,29.550394501175052,93.50979739366637,39.607872272323426,10
Hungary,25.94444444,-3.722222222,10.16666667,576.58,569.3819392124083,9660.351,9684.679,0.9975,93028.0,104.105,34.81,65.19,51.64,47.81,44.0,69.0,26.0,43.0,10.666666675999998,0.0,,93.05966666666666,65.19,44.0,51.64,52.19,83.5,47.12850015510283,91.02060202625306,39.39075638837641,10
Egypt,34.55555556,8.611111111,21.77777778,50.8,355.4941179843815,102334.404,100388.073,1.0194,1002450.0,100.1427,46.79,53.21,46.21,84.35,33.0,18.0,6.0,12.0,18.111111101999995,27.49999993299997,,93.32382,53.21,33.0,46.21,15.650000000000006,18.0,47.12850015510283,98.15019606718728,38.59508780279938,10
United States,29.94444444,0.944444444,11.55555556,876.3,1845.932323710688,331002.651,329064.917,1.0059,9372610.0,35.1092,47.74,52.26,69.03,38.89,67.0,83.0,32.0,51.0,12.000000007999994,13.611111132000005,,97.65938666666666,52.26,67.0,69.03,61.11,100.0,0.0,26.262989386007515,38.45132906516713,10
Finland,20.33333333,-11.66666667,2.555555556,556.26,1160.9852214766834,5540.72,5532.156,1.0015,338424.0,16.3468,27.01,72.99,76.4,11.86,85.0,10.0,40.0,60.0,6.0,0.0,,76.3468,72.99,85.0,76.4,88.14,10.0,56.460302287882854,55.56788574640581,38.43093675214304,10
United Arab Emirates,40.66666667,13.44444444,27.0,129.54,1308.968914776939,9890.402,9770.529,1.0123,83600.0,116.8724,15.35,84.65,68.02,50.44,71.0,17.0,5.0,12.0,15.55555554,5.0,,92.20850666666666,84.65,71.0,68.02,49.56,17.0,24.25388413111569,47.712354606657385,38.187449362152485,10
Serbia,26.61111111,-3.666666667,10.11111111,701.04,463.5340245683711,8737.371,8772.235,0.996,88361.0,99.2772,38.26,61.74,51.62,61.2,38.0,64.0,22.0,42.0,9.444444445999999,0.0,,93.38152,61.74,38.0,51.62,38.8,76.0,60.115654641046355,94.54886584772096,38.06259975311046,10
Bosnia And Herzegovina,25.05555556,-2.666666667,9.888888889,1061.72,424.0305250649595,3280.819,3301.0,0.9939,51209.0,64.4613,43.01,56.99,53.48,60.71,35.0,53.0,19.0,34.0,14.555555546,0.0,,95.70258,56.99,35.0,53.48,39.29,59.5,61.85166894147049,95.86564916450135,37.85089640731074,10
Lebanon,28.77777778,4.444444444,15.88888889,861.06,1078.7412487979468,6825.445,6855.713,0.9956,10452.0,655.9236,46.96,53.04,63.29,89.35,25.0,43.0,13.0,30.0,22.66666665599999,45.77777778200001,,54.57688571428572,53.04,25.0,63.29,10.650000000000006,44.5,0.0,60.61585092539839,37.76676826079276,10
Canada,22.77777778,-15.61111111,3.333333333,876.3,1305.8409156023918,37742.154,37411.047,1.0089,9984670.0,3.7468,41.19,58.81,71.8,28.13,77.0,98.0,40.0,58.0,0.0,0.0,,63.7468,58.81,77.0,71.8,71.87,100.0,48.51069039868534,47.83730464159177,37.39904969001732,10
Qatar,40.22222222,13.33333333,26.72222222,78.74,1646.0648046588417,2881.053,2832.067,1.0173,11586.0,244.4387,12.29,87.71,73.0,60.18,63.0,25.0,7.0,18.0,16.222222220000006,5.0,,83.70408666666667,87.71,63.0,73.0,39.82,25.0,28.46939271500625,34.24683212196047,37.30863057960209,10
Sweden,20.5,-8.555555556,4.611111111,574.04,1143.494604049353,10099.265,10036.379,1.0063,450295.0,22.2885,47.2,52.8,68.8,18.44,85.0,10.0,40.0,60.0,11.888888887999997,0.0,,98.5141,52.8,85.0,68.8,81.56,10.0,47.93316181633473,56.64142371954255,37.22873729024233,10
Saudi Arabia,38.44444444,10.44444444,25.33333333,124.46,669.0781227913335,34813.871,34268.528,1.0159,2149690.0,15.9411,25.93,74.07,60.71,64.13,53.0,7.0,1.0,6.0,14.0,5.0,,75.9411,74.07,53.0,60.71,35.870000000000005,7.0,60.045474966862514,85.76012749477775,37.060418903852515,10
Bulgaria,26.05555556,-3.777777778,9.666666667,627.38,471.6373260228086,6948.445,7000.119,0.9926,110879.0,63.133,38.12,61.88,56.13,64.48,44.0,78.0,33.0,45.0,10.333333324000002,0.0,,95.79113333333333,61.88,44.0,56.13,35.519999999999996,97.0,8.398686453197037,94.27875579923972,36.94032763873563,10
India,35.83333333,10.72222222,24.22222222,1267.46,354.63096910116394,1380004.385,1366417.754,1.0099,3287590.0,415.629,44.72,55.28,66.25,79.62,40.0,67.0,34.0,33.0,19.777777779999994,5.0,,71.74078571428572,55.28,40.0,66.25,20.379999999999995,80.5,12.088533782478642,98.17896769662786,36.651281838962014,10
Myanmar,34.83333333,14.05555556,25.83333333,2461.26,714.4345965908884,54409.8,54045.42,1.0067,676578.0,79.8805,47.17,52.83,,89.77,28.0,28.0,13.0,15.0,36.88888892,27.50000004999997,,94.67463333333333,52.83,28.0,,10.230000000000004,28.0,0.0,82.97624081074798,35.93137409619258,9
Czech Republic,20.94444444,-5.277777778,6.944444444,695.96,,10708.981,10689.209,1.0018,78865.0,135.5381,25.31,74.69,75.37,36.3,,91.0,36.0,55.0,17.555555563999995,0.0,,90.96412666666667,74.69,,75.37,63.7,100.0,31.550482124426452,,35.77556582906832,8
Armenia,26.61111111,-12.22222222,7.055555556,444.5,498.6923410932676,2963.243,2957.731,1.0019,29743.0,99.4429,23.35,76.65,,60.23,49.0,55.0,22.0,33.0,0.0,0.0,,93.37047333333334,76.65,49.0,,39.77,62.5,64.04060820533275,93.37692196355775,34.70987521888899,9
Turkey,29.55555556,-1.5,12.33333333,652.78,357.46879501964656,84339.067,83429.615,1.0109,783562.0,106.4748,39.53,60.47,70.71,66.15,40.0,32.0,16.0,16.0,7.888888880000003,10.166666650000003,,92.90168,60.47,40.0,70.71,33.849999999999994,32.0,0.0,98.08437349934512,34.48003111589657,10
Laos,33.22222222,14.55555556,24.66666667,1701.8,,7275.56,7169.455,1.0148,236800.0,30.2764,,,,78.76,29.0,13.0,2.0,11.0,45.33333336000001,51.666666700000015,,97.98157333333333,,29.0,,21.239999999999995,13.0,47.12850015510283,,34.24062960615227,7
Senegal,35.77777778,17.33333333,27.5,632.46,798.6047955207172,16743.927,16296.364,1.0275,196722.0,82.8396,,,,,45.0,71.0,29.0,42.0,46.22222219999999,5.0,,94.47736,,45.0,,,86.5,55.551759083998185,77.81004784282847,33.66355903917667,7
Bhutan,26.16666667,1.0,15.61111111,1084.58,410.6611208884679,771.608,763.092,1.0112,38394.0,19.8753,,,,,68.0,61.0,30.0,31.0,19.666666659999997,34.055555549999994,,79.8753,,68.0,,,71.5,31.553764300638193,96.3112959703844,33.45425862537641,7
Libya,33.16666667,6.888888889,20.16666667,187.96,603.3049984241751,6871.292,6777.452,1.0138,1759540.0,3.8518,62.0,38.0,,57.78,17.0,9.0,1.0,8.0,17.444444438000005,36.499999977000044,,63.8518,38.0,17.0,,42.22,9.0,47.12850015510283,89.79714602276047,33.36268760189772,9
Ukraine,25.88888889,-6.444444444,8.666666667,510.54,469.1872502860471,43733.762,43993.638,0.9941,603500.0,72.8975,48.28,51.72,53.43,64.31,33.0,60.0,26.0,34.0,5.333333331999995,0.0,,95.14016666666667,51.72,33.0,53.43,35.69,70.0,0.0,94.36042499046509,31.482953644945734,10
China,28.5,-7.777777778,12.94444444,975.36,747.1414374814195,1439323.776,1433783.686,1.0039,9706961.0,147.7068,30.17,69.83,66.38,81.47,42.0,9.0,-2.0,11.0,0.0,0.0,,90.15288,69.83,42.0,66.38,18.53,9.0,55.431186390179775,80.96876246853341,31.382676803669575,10
Algeria,34.27777778,4.555555556,17.44444444,462.28,274.58911940140695,43851.044,43053.054,1.0185,2381741.0,18.0763,51.88,48.12,55.01,65.32,36.0,32.0,10.0,22.0,10.555555552000001,0.0,,78.0763,48.12,36.0,55.01,34.68000000000001,32.0,32.36261200812288,100.0,31.33208477750768,10
Kuwait,44.72222222,7.222222222,24.66666667,104.14,1065.6685125904023,4270.571,4207.083,1.0151,17818.0,236.1142,34.04,65.96,58.97,66.72,42.0,37.0,14.0,23.0,0.0,5.0,,84.25905333333333,65.96,42.0,58.97,33.28,37.0,22.495404739063297,61.41822847381296,30.552667909138098,10
South Korea,28.83333333,-5.333333333,12.11111111,1300.48,,51269.185,51225.308,1.0009,100210.0,511.1796,26.86,73.14,82.34,61.85,,83.0,33.0,50.0,1.6666666739999982,0.0,,64.91574285714286,73.14,,82.34,38.15,100.0,44.431730849207,,30.121925441584363,8
Iraq,42.5,4.5,22.44444444,231.14,537.0604758647736,40222.493,39309.783,1.0232,438317.0,89.6835,48.77,51.23,44.57,73.57,21.0,29.0,16.0,13.0,0.0,5.0,,94.0211,51.23,21.0,44.57,26.430000000000007,29.0,52.73466662357613,92.09798413784088,29.988359422588566,10
Burkina Faso,38.27777778,18.11111111,28.27777778,789.94,462.9167361578202,20903.273,20321.378,1.0286,272967.0,74.4463,,,,,40.0,54.0,23.0,31.0,39.333333319999994,5.0,,95.03691333333333,,40.0,,,61.0,32.58327911731839,94.56944212807267,29.897268824920275,7
Pakistan,37.94444444,4.0,21.5,406.4,237.1771627517796,220892.34,216565.318,1.02,881912.0,245.5634,43.86,56.14,60.52,73.36,31.0,37.0,15.0,22.0,2.111111120000004,5.0,,83.62910666666667,56.14,31.0,60.52,26.64,37.0,0.0,100.0,29.747374724166665,10
Belarus,23.16666667,-7.722222222,5.944444444,645.16,439.3345283107952,9449.323,9452.411,0.9997,207600.0,45.5318,60.27,39.73,44.44,44.47,47.0,11.0,2.0,9.0,8.222222215999999,0.0,,96.96454666666666,39.73,47.0,44.44,55.53,11.0,0.0,95.3555157229735,28.65799000910251,10
Djibouti,37.5,19.44444444,28.5,177.8,891.8083980003674,988.0,973.56,1.0148,23200.0,41.9638,,,,,27.0,24.0,5.0,19.0,47.777777760000006,5.0,,97.20241333333334,,27.0,,,24.0,47.12850015510283,72.08940322231902,28.2589086794222,7
Bahrain,37.5,14.16666667,25.83333333,73.66,1155.035553161308,1701.575,1641.172,1.0368,765.0,2145.3229,26.15,73.85,,71.57,42.0,12.0,2.0,10.0,26.66666667999999,5.0,,7.093541999999999,73.85,42.0,,28.430000000000007,12.0,42.464961079592555,55.93306409935198,27.90343128493403,9
Azerbaijan,30.66666667,-4.222222222,13.0,480.06,413.1767444071442,10139.177,10047.718,1.0091,86600.0,116.0245,31.66,68.34,44.02,75.44,30.0,10.0,2.0,8.0,0.2222222159999916,0.0,,92.26503333333334,68.34,30.0,44.02,24.560000000000002,10.0,5.183894854796414,96.22744185309519,27.48213423732655,10
Kazakhstan,29.61111111,-17.11111111,5.944444444,294.64,430.9057294121801,18776.707,18551.427,1.0121,2724900.0,6.8081,54.02,45.98,60.09,72.62,38.0,23.0,5.0,18.0,0.0,0.0,,66.8081,45.98,38.0,60.09,27.379999999999995,23.0,0.0,95.63647568626067,25.179660980391294,10
Monaco,25.11111111,3.222222222,14.77777778,805.18,6672.075055703048,39.242,38.964,1.0071,2.0,19482.0,,,,86.76,,83.0,26.0,57.0,32.444444448,36.555555565999995,,0.0,,,,13.239999999999995,100.0,47.12850015510283,0.0,25.116781262756422,7
Mongolia,22.83333333,-26.77777778,-0.666666667,236.22,406.6746020104122,3278.29,3225.167,1.0165,1564110.0,2.062,55.64,44.36,,91.84,35.0,84.0,36.0,48.0,0.0,0.0,,62.062,44.36,35.0,,8.159999999999997,100.0,0.0,96.44417993298626,24.39913624581164,9
Iran,35.11111111,-1.111111111,16.16666667,342.9,,83992.949,82913.906,1.013,1648195.0,50.3059,49.19,50.81,52.25,76.13,25.0,16.0,6.0,10.0,0.0,5.0,,96.64627333333334,50.81,25.0,52.25,23.870000000000005,16.0,47.12850015510283,,23.75092334302726,9
Uzbekistan,35.05555556,-5.333333333,13.94444444,302.26,368.7568108936614,33469.203,32981.716,1.0148,447400.0,73.7186,34.7,65.3,,,26.0,11.0,2.0,9.0,0.0,5.0,,95.08542666666666,65.3,26.0,,,11.0,0.0,97.70810630354462,23.618345810638207,8
Russia,21.0,-21.72222222,-0.944444444,510.54,,145934.462,145872.256,1.0004,17098242.0,8.5314,40.13,59.87,58.44,62.32,30.0,20.0,5.0,15.0,0.0,0.0,,68.5314,59.87,30.0,58.44,37.68,20.0,26.836548587068215,,22.576746786691764,9
Afghanistan,35.38888889,-3.555555556,14.05555556,353.06,336.49600418506765,38928.346,38041.754,1.0233,652230.0,58.3257,76.37,23.63,,92.2,19.0,27.0,13.0,14.0,0.0,5.0,,96.11162,23.63,19.0,,7.799999999999997,27.0,47.12850015510283,98.7834665271644,22.536474167641703,9
Kyrgyzstan,27.66666667,-13.72222222,8.277777778,403.86,336.8224400847217,6524.195,6415.85,1.0169,199951.0,32.0871,55.39,44.61,,,31.0,28.0,4.0,24.0,0.0,0.0,,97.86086,44.61,31.0,,,28.0,10.160035419759659,98.77258533050927,22.18834254689181,8
Moldova,26.38888889,-6.111111111,9.722222222,525.78,,4033.963,4043.263,0.9977,33846.0,119.4606,46.56,53.44,,,34.0,61.0,26.0,35.0,4.999999997999993,0.0,,92.03596,53.44,34.0,,,71.5,10.424447590592678,,20.77127547397454,7
Sudan,38.72222222,14.88888889,27.88888889,327.66,460.9449973309959,43849.26,42813.238,1.0242,1886068.0,22.6997,,,,,16.0,17.0,2.0,15.0,24.666666680000006,5.0,,98.48668666666666,,16.0,,,17.0,0.0,94.63516675563346,20.62219917514376,7
Syria,34.88888889,3.444444444,17.72222222,345.44,,17500.658,17070.135,1.0252,185180.0,92.1813,68.09,31.91,,72.62,14.0,1.0,-3.0,4.0,7.111111108000003,0.0,,93.85458,31.91,14.0,,27.379999999999995,1.0,47.12850015510283,,17.004498064568928,8
Tajikistan,31.0,-7.222222222,11.38888889,541.02,295.4805771508038,9537.645,9321.018,1.0232,143100.0,65.1364,,,,,25.0,8.0,0.0,8.0,0.0,0.0,,95.65757333333333,,25.0,,,8.0,10.962162655827377,100.0,14.976233499322545,7
Turkmenistan,36.27777778,-2.166666667,15.38888889,172.72,1568.8196891692558,6031.2,5942.089,1.015,488100.0,12.1739,,,,,19.0,2.0,0.0,2.0,0.0,5.0,,72.1739,,19.0,,,2.0,26.814887107873044,37.33244031440219,10.926326713892202,7
